producto_id,familia,volumen_m3,costo_M1_usd,costo_M2_usd,costo_M3_usd,pdv_1,pdv_2,pdv_3,pdv_4,pdv_5,demanda_total,volumen_total
ELE1,Electrónicos,0.049,346.39,314.9,267.66,62,43,0,0,0,105,5.145
ELE2,Electrónicos,0.06,339.21,308.37,262.11,59,0,96,77,0,232,13.92
ELE3,Electrónicos,0.045,314.71,286.1,243.18,1,33,19,0,45,98,4.41
ELE4,Electrónicos,0.043,315.88,287.16,244.09,10,23,70,0,31,134,5.762
ELE5,Electrónicos,0.051,312.04,283.67,241.12,44,0,0,93,96,233,11.883
ELE6,Electrónicos,0.059,310.19,281.99,239.69,0,55,21,0,28,104,6.136
ELE7,Electrónicos,0.038,357.15,324.68,275.98,2,32,36,0,96,166,6.308
ELE8,Electrónicos,0.059,337.22,306.56,260.58,89,0,0,0,4,93,5.487
ELE9,Electrónicos,0.043,281.2,255.64,217.29,76,9,0,35,0,120,5.16
ELE10,Electrónicos,0.059,349.21,317.46,269.84,62,68,0,9,0,139,8.201
ELE11,Electrónicos,0.06,340.93,309.94,263.45,5,0,2,4,62,73,4.38
ELE12,Electrónicos,0.053,357.54,325.04,276.28,25,0,60,66,38,189,10.017
ELE13,Electrónicos,0.066,328.82,298.93,254.09,32,19,0,0,0,51,3.366
ELE14,Electrónicos,0.06,283.18,257.44,218.82,30,87,0,16,66,199,11.94
ELE15,Electrónicos,0.045,303.33,275.75,234.39,90,73,48,82,72,365,16.425
ELE16,Electrónicos,0.052,375.28,341.16,289.99,86,3,0,0,19,108,5.616
ELE17,Electrónicos,0.053,339.77,308.88,262.55,0,31,17,0,0,48,2.544
ELE18,Electrónicos,0.048,344.95,313.59,266.55,4,32,58,10,96,200,9.6
ELE19,Electrónicos,0.05,266.68,242.44,206.07,0,0,45,29,0,74,3.7
ELE20,Electrónicos,0.047,345.76,314.33,267.18,0,0,28,98,0,126,5.922
ELE21,Electrónicos,0.058,367.71,334.28,284.14,0,62,10,48,48,168,9.744
ELE22,Electrónicos,0.051,300.94,273.58,232.54,77,3,0,0,42,122,6.222
ELE23,Electrónicos,0.051,278.83,253.48,215.46,50,0,56,13,91,210,10.71
ELE24,Electrónicos,0.041,317.19,288.35,245.1,0,90,83,0,52,225,9.225
ELE25,Electrónicos,0.063,337.5,306.82,260.8,33,0,0,86,86,205,12.915
ELE26,Electrónicos,0.062,282.48,256.8,218.28,8,61,86,84,69,308,19.096
ELE27,Electrónicos,0.052,307.56,279.6,237.66,0,86,44,0,0,130,6.76
ELE28,Electrónicos,0.038,335.76,305.24,259.45,56,51,0,59,0,166,6.308
ELE29,Electrónicos,0.042,368.24,334.76,284.55,50,79,52,39,0,220,9.24
ELE30,Electrónicos,0.042,284.79,258.9,220.06,0,97,14,85,48,244,10.248
ELE31,Electrónicos,0.065,330.43,300.39,255.33,40,28,0,61,0,129,8.385
ELE32,Electrónicos,0.049,331.39,301.26,256.07,0,92,94,88,11,285,13.965
ELE33,Electrónicos,0.049,345.62,314.2,267.07,95,80,0,13,79,267,13.083
ELE34,Electrónicos,0.045,299.44,272.22,231.39,37,91,57,39,0,224,10.08
ELE35,Electrónicos,0.039,331.92,301.75,256.49,83,63,57,58,9,270,10.53
ELE36,Electrónicos,0.044,359.86,327.15,278.08,73,82,88,31,29,303,13.332
ELE37,Electrónicos,0.061,348.84,317.13,269.56,58,71,85,6,11,231,14.091
ELE38,Electrónicos,0.041,335.44,304.95,259.21,0,24,35,0,42,101,4.141
ELE39,Electrónicos,0.061,314.42,285.84,242.96,0,32,68,0,47,147,8.967
ELE40,Electrónicos,0.068,408.84,371.67,315.92,49,61,97,31,4,242,16.456
ELE41,Electrónicos,0.059,308.17,280.15,238.13,20,0,0,95,77,192,11.328
ELE42,Electrónicos,0.067,304.54,276.85,235.32,0,0,0,36,60,96,6.432
ELE43,Electrónicos,0.059,288.39,262.17,222.84,94,63,37,45,18,257,15.163
ELE44,Electrónicos,0.037,305.89,278.08,236.37,66,0,0,0,0,66,2.442
ELE45,Electrónicos,0.058,344.64,313.31,266.31,25,0,28,25,0,78,4.524
ELE46,Electrónicos,0.037,264.17,240.15,204.13,46,48,0,11,47,152,5.624
ELE47,Electrónicos,0.05,368.38,334.89,284.66,52,0,0,49,0,101,5.05
ELE48,Electrónicos,0.051,351.35,319.41,271.5,40,13,50,23,36,162,8.262
ELE49,Electrónicos,0.056,325.0,295.45,251.13,95,87,0,0,0,182,10.192
ELE50,Electrónicos,0.052,313.95,285.41,242.6,3,78,0,74,0,155,8.06
ELE51,Electrónicos,0.043,341.78,310.71,264.1,47,83,63,72,0,265,11.395
ELE52,Electrónicos,0.043,348.21,316.55,269.07,73,99,17,11,69,269,11.567
ELE53,Electrónicos,0.048,348.05,316.41,268.95,80,19,65,65,0,229,10.992
ELE54,Electrónicos,0.059,330.4,300.36,255.31,76,3,86,13,0,178,10.502
ELE55,Electrónicos,0.049,340.69,309.72,263.26,93,40,48,22,0,203,9.947
ELE56,Electrónicos,0.038,369.76,336.15,285.73,65,71,70,0,28,234,8.892
ELE57,Electrónicos,0.043,332.5,302.27,256.93,21,84,8,0,0,113,4.859
ELE58,Electrónicos,0.064,350.26,318.42,270.66,0,0,58,0,75,133,8.512
ELE59,Electrónicos,0.052,314.46,285.87,242.99,0,99,11,11,74,195,10.14
ELE60,Electrónicos,0.064,308.08,280.07,238.06,0,69,37,18,87,211,13.504
ELE61,Electrónicos,0.04,329.37,299.43,254.52,0,25,0,0,0,25,1.0
ELE62,Electrónicos,0.058,371.94,338.13,287.41,41,95,11,0,82,229,13.282
ELE63,Electrónicos,0.05,337.39,306.72,260.71,0,37,96,32,48,213,10.65
ELE64,Electrónicos,0.069,315.74,287.04,243.98,47,41,86,0,0,174,12.006
ELE65,Electrónicos,0.042,402.26,365.69,310.84,0,0,24,8,41,73,3.066
ELE66,Electrónicos,0.054,266.88,242.62,206.23,74,55,0,88,75,292,15.768
ELE67,Electrónicos,0.068,286.43,260.39,221.33,91,81,0,0,11,183,12.444
ELE68,Electrónicos,0.039,339.75,308.86,262.53,12,96,78,77,25,288,11.232
ELE69,Electrónicos,0.044,277.39,252.17,214.34,0,81,74,100,100,355,15.62
ELE70,Electrónicos,0.053,380.04,345.49,293.67,93,79,0,22,0,194,10.282
ELE71,Electrónicos,0.055,333.97,303.61,258.07,0,54,46,9,0,109,5.995
ELE72,Electrónicos,0.07,338.0,307.27,261.18,68,32,79,36,38,253,17.71
ELE73,Electrónicos,0.06,321.78,292.53,248.65,0,0,66,46,58,170,10.2
ELE74,Electrónicos,0.047,315.69,286.99,243.94,0,8,42,14,20,84,3.948
ELE75,Electrónicos,0.057,321.11,291.92,248.13,31,70,14,47,81,243,13.851
ELE76,Electrónicos,0.058,329.52,299.56,254.63,0,23,98,28,5,154,8.932
ELE77,Electrónicos,0.057,286.96,260.87,221.74,0,0,0,0,0,0,0.0
ELE78,Electrónicos,0.055,293.66,266.96,226.92,7,86,25,53,0,171,9.405
ELE79,Electrónicos,0.042,312.5,284.09,241.48,0,0,0,23,0,23,0.966
ELE80,Electrónicos,0.027,331.89,301.72,256.46,56,0,72,47,0,175,4.725
ELE81,Electrónicos,0.048,326.29,296.63,252.14,73,65,0,0,11,149,7.152
ELE82,Electrónicos,0.047,408.34,371.22,315.54,10,24,64,0,0,98,4.606
ELE83,Electrónicos,0.053,349.03,317.3,269.7,31,34,0,22,34,121,6.413
ELE84,Electrónicos,0.041,303.25,275.68,234.33,12,0,4,0,4,20,0.82
ELE85,Electrónicos,0.059,385.67,350.61,298.02,70,29,0,34,41,174,10.266
ELE86,Electrónicos,0.066,315.46,286.78,243.76,0,0,10,50,39,99,6.534
ELE87,Electrónicos,0.056,283.84,258.04,219.33,0,0,0,0,0,0,0.0
ELE88,Electrónicos,0.045,302.65,275.14,233.87,86,0,33,16,98,233,10.485
ELE89,Electrónicos,0.041,322.11,292.83,248.91,96,81,74,0,0,251,10.291
ELE90,Electrónicos,0.052,347.44,315.85,268.47,37,39,0,68,0,144,7.488
ELE91,Electrónicos,0.032,304.81,277.1,235.54,30,0,0,45,0,75,2.4
ELE92,Electrónicos,0.053,292.41,265.83,225.96,26,34,0,6,0,66,3.498
ELE93,Electrónicos,0.044,363.21,330.19,280.66,0,55,66,43,25,189,8.316
ELE94,Electrónicos,0.04,271.58,246.89,209.86,90,76,96,0,62,324,12.96
ELE95,Electrónicos,0.048,332.86,302.6,257.21,40,78,0,71,0,189,9.072
ELE96,Electrónicos,0.047,319.5,290.45,246.88,74,53,32,9,83,251,11.797
ELE97,Electrónicos,0.046,369.64,336.04,285.63,20,11,24,1,64,120,5.52
ELE98,Electrónicos,0.05,277.85,252.59,214.7,86,12,35,87,47,267,13.35
ELE99,Electrónicos,0.061,281.2,255.64,217.29,0,71,46,34,85,236,14.396
ELE100,Electrónicos,0.054,313.92,285.38,242.57,2,0,64,0,39,105,5.67
MUE1,Muebles,1.6,922.15,838.32,712.57,7,75,0,79,0,161,257.6
MUE2,Muebles,1.367,993.26,902.96,767.52,0,0,61,61,49,171,233.757
MUE3,Muebles,2.063,916.38,833.07,708.11,0,7,0,87,41,135,278.505
MUE4,Muebles,0.803,801.6,728.73,619.42,93,0,41,30,45,209,167.827
MUE5,Muebles,1.718,889.63,808.75,687.44,57,89,59,0,40,245,420.91
MUE6,Muebles,2.066,761.95,692.68,588.78,63,91,90,22,0,266,549.556
MUE7,Muebles,1.828,884.91,804.46,683.79,42,15,0,6,72,135,246.78
MUE8,Muebles,0.804,955.0,868.18,737.95,89,7,7,63,22,188,151.152
MUE9,Muebles,1.049,857.15,779.23,662.35,0,0,29,17,88,134,140.566
MUE10,Muebles,0.947,975.08,886.44,753.47,48,0,52,0,95,195,184.665
MUE11,Muebles,1.168,856.34,778.49,661.72,0,100,29,43,0,172,200.896
MUE12,Muebles,1.702,811.14,737.4,626.79,86,0,0,0,25,111,188.922
MUE13,Muebles,1.532,817.27,742.97,631.52,68,22,33,21,15,159,243.588
MUE14,Muebles,1.561,776.38,705.8,599.93,0,81,93,11,0,185,288.785
MUE15,Muebles,2.026,782.26,711.15,604.48,0,0,60,52,0,112,226.912
MUE16,Muebles,1.282,818.0,743.64,632.09,54,0,0,72,0,126,161.532
MUE17,Muebles,1.714,772.45,702.23,596.9,0,0,61,80,76,217,371.938
MUE18,Muebles,1.198,1024.88,931.71,791.95,0,0,86,0,0,86,103.028
MUE19,Muebles,1.125,908.7,826.09,702.18,18,85,74,6,0,183,205.875
MUE20,Muebles,0.974,995.79,905.26,769.47,0,47,16,37,20,120,116.88
MUE21,Muebles,1.471,898.57,816.88,694.35,67,0,82,27,85,261,383.931
MUE22,Muebles,1.904,850.45,773.14,657.17,0,0,35,48,0,83,158.032
MUE23,Muebles,1.445,895.04,813.67,691.62,98,33,0,0,0,131,189.295
MUE24,Muebles,1.666,736.59,669.63,569.19,37,51,76,0,0,164,273.224
MUE25,Muebles,1.795,902.53,820.48,697.41,43,53,0,88,17,201,360.795
MUE26,Muebles,0.789,913.76,830.69,706.09,0,0,63,0,44,107,84.423
MUE27,Muebles,1.078,826.19,751.08,638.42,0,8,60,0,39,107,115.346
MUE28,Muebles,1.409,1063.16,966.51,821.53,91,62,0,0,0,153,215.577
MUE29,Muebles,1.537,829.35,753.95,640.86,29,43,5,68,0,145,222.865
MUE30,Muebles,1.4,895.83,814.39,692.23,28,56,20,0,75,179,250.6
MUE31,Muebles,1.792,935.65,850.59,723.0,0,42,9,0,89,140,250.88
MUE32,Muebles,1.432,763.9,694.45,590.28,35,82,62,73,52,304,435.328
MUE33,Muebles,1.638,953.38,866.71,736.7,0,28,0,99,93,220,360.36
MUE34,Muebles,1.54,952.03,865.48,735.66,0,57,0,90,96,243,374.22
MUE35,Muebles,1.704,876.52,796.84,677.31,81,78,3,76,0,238,405.552
MUE36,Muebles,1.65,756.35,687.59,584.45,0,0,57,6,61,124,204.6
MUE37,Muebles,1.368,863.56,785.05,667.29,35,71,3,47,84,240,328.32
MUE38,Muebles,1.676,761.24,692.04,588.23,0,82,0,83,33,198,331.848
MUE39,Muebles,1.923,834.48,758.62,644.83,26,47,82,98,67,320,615.36
MUE40,Muebles,0.972,732.0,665.45,565.63,63,0,0,8,0,71,69.012
MUE41,Muebles,1.27,791.64,719.67,611.72,0,0,99,19,13,131,166.37
MUE42,Muebles,1.705,785.79,714.35,607.2,93,70,0,17,83,263,448.415
MUE43,Muebles,1.702,875.64,796.04,676.63,45,0,99,0,92,236,401.672
MUE44,Muebles,1.986,982.71,893.37,759.36,31,0,0,0,0,31,61.566
MUE45,Muebles,1.857,823.91,749.01,636.66,0,96,84,90,100,370,687.09
MUE46,Muebles,1.148,847.14,770.13,654.61,66,57,0,74,0,197,226.156
MUE47,Muebles,1.045,897.85,816.23,693.8,42,41,0,83,0,166,173.47
MUE48,Muebles,1.825,927.83,843.48,716.96,36,0,16,11,0,63,114.975
MUE49,Muebles,2.038,877.09,797.35,677.75,0,0,55,0,79,134,273.092
MUE50,Muebles,1.239,573.69,521.54,443.31,42,75,7,55,38,217,268.863
MUE51,Muebles,1.392,931.38,846.71,719.7,72,52,79,82,59,344,478.848
MUE52,Muebles,1.757,924.21,840.19,714.16,55,46,65,0,83,249,437.493
MUE53,Muebles,1.544,865.29,786.63,668.64,6,64,0,74,77,221,341.224
MUE54,Muebles,1.501,860.13,781.94,664.65,0,46,98,48,0,192,288.192
MUE55,Muebles,2.149,936.8,851.64,723.89,69,0,66,35,95,265,569.485
MUE56,Muebles,1.068,986.39,896.72,762.21,91,0,92,56,0,239,255.252
MUE57,Muebles,1.192,974.48,885.89,753.01,0,41,7,46,0,94,112.048
MUE58,Muebles,1.342,912.31,829.37,704.96,0,0,4,27,68,99,132.858
MUE59,Muebles,2.064,831.14,755.58,642.24,0,100,19,22,0,141,291.024
MUE60,Muebles,1.796,937.08,851.89,724.11,0,0,55,51,0,106,190.376
MUE61,Muebles,1.47,937.22,852.02,724.22,18,49,14,0,98,179,263.13
MUE62,Muebles,1.438,959.01,871.83,741.06,0,0,0,51,10,61,87.718
MUE63,Muebles,1.835,872.77,793.43,674.42,96,0,82,69,68,315,578.025
MUE64,Muebles,1.682,920.47,836.79,711.27,47,0,0,89,46,182,306.124
MUE65,Muebles,1.932,872.1,792.82,673.9,0,0,56,19,0,75,144.9
MUE66,Muebles,1.496,814.8,740.73,629.62,41,0,72,2,23,138,206.448
MUE67,Muebles,0.773,840.2,763.82,649.25,43,0,57,81,69,250,193.25
MUE68,Muebles,1.329,877.88,798.07,678.36,0,0,99,0,29,128,170.112
MUE69,Muebles,1.763,1012.3,920.27,782.23,38,0,4,32,0,74,130.462
MUE70,Muebles,1.474,856.32,778.47,661.7,0,14,0,39,56,109,160.666
MUE71,Muebles,1.672,829.74,754.31,641.16,0,0,49,59,0,108,180.576
MUE72,Muebles,1.607,1039.46,944.96,803.22,82,60,72,6,74,294,472.458
MUE73,Muebles,1.559,995.93,905.39,769.58,22,50,33,62,0,167,260.353
MUE74,Muebles,1.341,789.22,717.47,609.85,70,52,29,37,60,248,332.568
MUE75,Muebles,1.536,883.34,803.04,682.58,0,55,0,0,0,55,84.48
MUE76,Muebles,1.467,976.01,887.28,754.19,62,64,18,7,11,162,237.654
MUE77,Muebles,1.814,899.76,817.96,695.27,20,61,27,82,86,276,500.664
MUE78,Muebles,1.328,736.3,669.36,568.96,42,88,0,47,48,225,298.8
MUE79,Muebles,1.619,824.95,749.95,637.46,60,88,0,0,96,244,395.036
MUE80,Muebles,1.413,908.49,825.9,702.02,28,0,82,21,31,162,228.906
MUE81,Muebles,0.978,981.09,891.9,758.12,0,14,96,0,51,161,157.458
MUE82,Muebles,1.288,977.48,888.62,755.33,0,96,22,0,0,118,151.984
MUE83,Muebles,1.115,886.77,806.15,685.23,6,76,19,0,46,147,163.905
MUE84,Muebles,1.656,806.22,732.93,622.99,0,0,63,52,25,140,231.84
MUE85,Muebles,1.629,913.6,830.55,705.97,41,82,0,0,0,123,200.367
MUE86,Muebles,1.294,884.26,803.87,683.29,91,0,0,22,91,204,263.976
MUE87,Muebles,0.901,886.92,806.29,685.35,0,0,99,96,0,195,175.695
MUE88,Muebles,1.636,892.27,811.15,689.48,82,23,31,27,53,216,353.376
MUE89,Muebles,1.188,977.52,888.65,755.35,0,54,96,0,54,204,242.352
MUE90,Muebles,1.451,974.44,885.85,752.97,0,57,77,93,55,282,409.182
MUE91,Muebles,1.483,1091.5,992.27,843.43,82,39,0,91,56,268,397.444
MUE92,Muebles,1.701,785.26,713.87,606.79,52,14,51,0,52,169,287.469
MUE93,Muebles,1.599,874.36,794.87,675.64,82,69,39,63,83,336,537.264
MUE94,Muebles,1.22,731.74,665.22,565.44,53,73,67,72,20,285,347.7
MUE95,Muebles,1.538,866.8,788.0,669.8,35,0,4,10,14,63,96.894
MUE96,Muebles,1.966,802.11,729.19,619.81,22,0,11,0,0,33,64.878
MUE97,Muebles,1.803,1024.5,931.36,791.66,46,24,12,81,32,195,351.585
MUE98,Muebles,1.494,840.03,763.66,649.11,6,12,15,41,34,108,161.352
MUE99,Muebles,1.669,1001.81,910.74,774.13,74,60,94,0,0,228,380.532
MUE100,Muebles,1.618,857.77,779.79,662.82,90,0,91,8,0,189,305.802
ROP1,Ropa,0.01,27.41,24.92,21.18,0,2,72,35,2,111,1.11
ROP2,Ropa,0.012,37.99,34.54,29.36,0,17,0,0,55,72,0.864
ROP3,Ropa,0.007,33.35,30.32,25.77,59,0,39,0,95,193,1.351
ROP4,Ropa,0.01,37.61,34.19,29.06,36,0,48,94,44,222,2.22
ROP5,Ropa,0.01,33.16,30.15,25.63,0,0,45,16,78,139,1.39
ROP6,Ropa,0.012,32.09,29.17,24.79,0,69,0,75,18,162,1.944
ROP7,Ropa,0.011,30.78,27.98,23.78,47,22,41,0,63,173,1.903
ROP8,Ropa,0.011,31.83,28.94,24.6,0,0,49,44,36,129,1.419
ROP9,Ropa,0.007,31.16,28.33,24.08,43,29,99,0,57,228,1.596
ROP10,Ropa,0.006,28.26,25.69,21.84,60,57,99,0,0,216,1.296
ROP11,Ropa,0.013,34.88,31.71,26.95,0,0,0,85,0,85,1.105
ROP12,Ropa,0.009,29.37,26.7,22.7,8,0,32,0,72,112,1.008
ROP13,Ropa,0.007,33.77,30.7,26.1,83,51,34,4,5,177,1.239
ROP14,Ropa,0.014,35.29,32.08,27.27,62,24,0,38,94,218,3.052
ROP15,Ropa,0.008,34.78,31.62,26.88,0,34,0,22,66,122,0.976
ROP16,Ropa,0.008,37.33,33.94,28.85,71,90,0,15,0,176,1.408
ROP17,Ropa,0.01,37.0,33.64,28.59,32,47,0,66,0,145,1.45
ROP18,Ropa,0.011,34.66,31.51,26.78,59,0,1,0,9,69,0.759
ROP19,Ropa,0.011,26.94,24.49,20.82,14,22,43,31,89,199,2.189
ROP20,Ropa,0.01,33.83,30.75,26.14,79,0,91,0,74,244,2.44
ROP21,Ropa,0.009,36.04,32.76,27.85,82,73,71,1,0,227,2.043
ROP22,Ropa,0.009,29.08,26.44,22.47,57,7,97,49,75,285,2.565
ROP23,Ropa,0.012,32.91,29.92,25.43,44,67,0,29,15,155,1.86
ROP24,Ropa,0.008,31.77,28.88,24.55,0,0,0,95,36,131,1.048
ROP25,Ropa,0.011,32.77,29.79,25.32,2,30,20,0,49,101,1.111
ROP26,Ropa,0.007,34.78,31.62,26.88,51,0,0,69,23,143,1.001
ROP27,Ropa,0.009,33.5,30.45,25.88,98,0,0,0,1,99,0.891
ROP28,Ropa,0.009,34.0,30.91,26.27,0,30,100,74,46,250,2.25
ROP29,Ropa,0.007,36.14,32.85,27.92,33,19,0,84,22,158,1.106
ROP30,Ropa,0.008,31.33,28.48,24.21,17,76,62,68,0,223,1.784
ROP31,Ropa,0.005,31.1,28.27,24.03,0,0,66,0,34,100,0.5
ROP32,Ropa,0.01,29.72,27.02,22.97,36,23,78,0,27,164,1.64
ROP33,Ropa,0.008,31.54,28.67,24.37,63,26,11,14,23,137,1.096
ROP34,Ropa,0.01,33.94,30.85,26.22,94,70,3,56,20,243,2.43
ROP35,Ropa,0.009,35.23,32.03,27.23,0,86,24,49,52,211,1.899
ROP36,Ropa,0.012,33.91,30.83,26.21,45,0,32,0,63,140,1.68
ROP37,Ropa,0.01,39.64,36.04,30.63,0,0,60,0,0,60,0.6
ROP38,Ropa,0.013,30.35,27.59,23.45,0,8,68,52,0,128,1.664
ROP39,Ropa,0.011,36.92,33.56,28.53,0,0,0,96,0,96,1.056
ROP40,Ropa,0.013,35.0,31.82,27.05,12,0,0,46,68,126,1.638
ROP41,Ropa,0.014,34.51,31.37,26.66,0,96,72,0,98,266,3.724
ROP42,Ropa,0.014,37.81,34.37,29.21,65,74,51,0,6,196,2.744
ROP43,Ropa,0.006,29.56,26.87,22.84,20,45,92,0,0,157,0.942
ROP44,Ropa,0.01,33.69,30.63,26.04,50,0,74,81,79,284,2.84
ROP45,Ropa,0.011,32.45,29.5,25.08,66,23,78,62,69,298,3.278
ROP46,Ropa,0.011,29.57,26.88,22.85,36,98,92,0,0,226,2.486
ROP47,Ropa,0.009,34.32,31.2,26.52,74,0,30,78,62,244,2.196
ROP48,Ropa,0.012,40.59,36.9,31.36,30,0,38,56,82,206,2.472
ROP49,Ropa,0.011,37.26,33.87,28.79,0,24,0,0,61,85,0.935
ROP50,Ropa,0.009,37.25,33.86,28.78,0,37,62,46,0,145,1.305
ROP51,Ropa,0.009,36.95,33.59,28.55,37,0,66,0,64,167,1.503
ROP52,Ropa,0.008,28.22,25.65,21.8,0,1,83,100,10,194,1.552
ROP53,Ropa,0.009,38.7,35.18,29.9,84,42,14,17,57,214,1.926
ROP54,Ropa,0.009,36.85,33.5,28.48,0,42,26,49,0,117,1.053
ROP55,Ropa,0.014,38.09,34.63,29.44,38,44,54,73,0,209,2.926
ROP56,Ropa,0.013,32.98,29.98,25.48,0,0,5,70,59,134,1.742
ROP57,Ropa,0.013,33.3,30.27,25.73,21,0,5,20,0,46,0.598
ROP58,Ropa,0.007,34.58,31.44,26.72,63,100,91,49,18,321,2.247
ROP59,Ropa,0.011,37.03,33.66,28.61,0,16,78,12,39,145,1.595
ROP60,Ropa,0.011,28.86,26.24,22.3,9,5,0,0,76,90,0.99
ROP61,Ropa,0.006,33.46,30.42,25.86,0,92,0,19,82,193,1.158
ROP62,Ropa,0.011,31.78,28.89,24.56,72,23,27,0,0,122,1.342
ROP63,Ropa,0.014,32.91,29.92,25.43,20,62,67,0,45,194,2.716
ROP64,Ropa,0.009,34.31,31.19,26.51,51,94,0,0,0,145,1.305
ROP65,Ropa,0.008,30.11,27.37,23.26,87,0,0,66,22,175,1.4
ROP66,Ropa,0.01,31.26,28.42,24.16,0,87,0,34,16,137,1.37
ROP67,Ropa,0.009,35.43,32.21,27.38,0,52,95,38,91,276,2.484
ROP68,Ropa,0.009,32.64,29.67,25.22,0,62,98,0,51,211,1.899
ROP69,Ropa,0.007,33.97,30.88,26.25,24,97,45,8,0,174,1.218
ROP70,Ropa,0.009,31.59,28.72,24.41,0,79,38,32,0,149,1.341
ROP71,Ropa,0.011,34.42,31.29,26.6,0,59,35,0,23,117,1.287
ROP72,Ropa,0.01,28.82,26.2,22.27,93,79,53,24,16,265,2.65
ROP73,Ropa,0.014,35.05,31.86,27.08,0,31,73,23,0,127,1.778
ROP74,Ropa,0.011,30.92,28.11,23.89,0,0,5,66,32,103,1.133
ROP75,Ropa,0.009,34.07,30.97,26.32,83,82,0,22,98,285,2.565
ROP76,Ropa,0.009,32.8,29.82,25.35,88,35,29,0,51,203,1.827
ROP77,Ropa,0.012,31.59,28.72,24.41,68,95,0,32,0,195,2.34
ROP78,Ropa,0.013,34.2,31.09,26.43,48,72,14,88,34,256,3.328
ROP79,Ropa,0.008,34.6,31.45,26.73,71,3,80,87,0,241,1.928
ROP80,Ropa,0.009,31.2,28.36,24.11,85,51,0,21,46,203,1.827
ROP81,Ropa,0.013,33.08,30.07,25.56,96,17,98,53,48,312,4.056
ROP82,Ropa,0.009,29.07,26.43,22.47,0,38,33,60,85,216,1.944
ROP83,Ropa,0.009,33.64,30.58,25.99,0,80,75,35,59,249,2.241
ROP84,Ropa,0.006,32.0,29.09,24.73,75,23,9,28,76,211,1.266
ROP85,Ropa,0.009,29.7,27.0,22.95,59,76,0,0,0,135,1.215
ROP86,Ropa,0.006,30.81,28.01,23.81,65,51,46,8,78,248,1.488
ROP87,Ropa,0.01,34.33,31.21,26.53,48,0,54,4,56,162,1.62
ROP88,Ropa,0.011,31.67,28.79,24.47,77,0,49,57,31,214,2.354
ROP89,Ropa,0.009,29.7,27.0,22.95,0,1,51,92,82,226,2.034
ROP90,Ropa,0.011,35.39,32.17,27.34,53,0,87,53,38,231,2.541
ROP91,Ropa,0.008,32.56,29.6,25.16,23,81,36,12,97,249,1.992
ROP92,Ropa,0.008,32.38,29.44,25.02,0,63,89,0,80,232,1.856
ROP93,Ropa,0.009,34.69,31.54,26.81,65,73,0,95,61,294,2.646
ROP94,Ropa,0.009,35.94,32.67,27.77,0,82,0,58,35,175,1.575
ROP95,Ropa,0.009,32.26,29.33,24.93,0,25,1,43,0,69,0.621
ROP96,Ropa,0.008,36.47,33.15,28.18,0,87,79,53,42,261,2.088
ROP97,Ropa,0.01,32.66,29.69,25.24,71,0,41,100,80,292,2.92
ROP98,Ropa,0.01,30.58,27.8,23.63,76,43,0,0,88,207,2.07
ROP99,Ropa,0.011,36.22,32.93,27.99,83,39,32,19,3,176,1.936
ROP100,Ropa,0.009,37.86,34.42,29.26,44,85,21,44,48,242,2.178
ALI1,Alimentos,0.023,12.8,11.64,9.89,0,31,0,13,27,71,1.633
ALI2,Alimentos,0.021,11.46,10.42,8.86,43,64,30,48,0,185,3.885
ALI3,Alimentos,0.015,10.19,9.26,7.87,25,0,0,0,96,121,1.815
ALI4,Alimentos,0.012,10.76,9.78,8.31,0,45,0,0,31,76,0.912
ALI5,Alimentos,0.017,10.66,9.69,8.24,72,39,31,0,91,233,3.961
ALI6,Alimentos,0.019,10.14,9.22,7.84,46,0,7,30,83,166,3.154
ALI7,Alimentos,0.02,13.09,11.9,10.12,99,0,0,14,18,131,2.62
ALI8,Alimentos,0.019,11.91,10.83,9.21,60,44,2,75,94,275,5.225
ALI9,Alimentos,0.021,10.47,9.52,8.09,0,0,44,56,0,100,2.1
ALI10,Alimentos,0.011,10.09,9.17,7.79,10,0,17,65,0,92,1.012
ALI11,Alimentos,0.017,10.76,9.78,8.31,92,53,55,9,42,251,4.267
ALI12,Alimentos,0.023,11.23,10.21,8.68,82,61,0,87,0,230,5.29
ALI13,Alimentos,0.02,9.75,8.86,7.53,0,18,0,27,40,85,1.7
ALI14,Alimentos,0.023,8.84,8.04,6.83,62,51,78,57,19,267,6.141
ALI15,Alimentos,0.024,9.69,8.81,7.49,1,70,21,72,75,239,5.736
ALI16,Alimentos,0.017,9.0,8.18,6.95,41,11,44,58,56,210,3.57
ALI17,Alimentos,0.018,9.8,8.91,7.57,19,0,85,7,0,111,1.998
ALI18,Alimentos,0.019,11.06,10.05,8.54,49,6,0,16,2,73,1.387
ALI19,Alimentos,0.026,12.06,10.96,9.32,10,0,99,23,56,188,4.888
ALI20,Alimentos,0.015,10.94,9.95,8.46,0,30,95,13,0,138,2.07
ALI21,Alimentos,0.019,10.9,9.91,8.42,0,0,66,23,0,89,1.691
ALI22,Alimentos,0.021,10.9,9.91,8.42,85,44,76,98,0,303,6.363
ALI23,Alimentos,0.022,10.88,9.89,8.41,13,6,35,0,37,91,2.002
ALI24,Alimentos,0.021,12.73,11.57,9.83,77,21,1,0,0,99,2.079
ALI25,Alimentos,0.018,10.81,9.83,8.36,0,96,37,7,41,181,3.258
ALI26,Alimentos,0.016,10.81,9.83,8.36,47,27,15,100,83,272,4.352
ALI27,Alimentos,0.028,12.21,11.1,9.43,46,0,14,0,26,86,2.408
ALI28,Alimentos,0.021,9.33,8.48,7.21,95,88,61,34,82,360,7.56
ALI29,Alimentos,0.018,11.34,10.31,8.76,0,71,0,83,93,247,4.446
ALI30,Alimentos,0.015,10.87,9.88,8.4,98,27,81,42,11,259,3.885
ALI31,Alimentos,0.017,10.0,9.09,7.73,66,13,31,28,40,178,3.026
ALI32,Alimentos,0.019,12.31,11.19,9.51,67,40,94,0,0,201,3.819
ALI33,Alimentos,0.025,10.79,9.81,8.34,79,85,0,84,22,270,6.75
ALI34,Alimentos,0.021,13.56,12.33,10.48,90,0,26,56,61,233,4.893
ALI35,Alimentos,0.022,10.15,9.23,7.85,0,9,73,0,0,82,1.804
ALI36,Alimentos,0.023,10.41,9.46,8.04,0,63,77,63,0,203,4.669
ALI37,Alimentos,0.023,11.88,10.8,9.18,52,67,78,45,0,242,5.566
ALI38,Alimentos,0.02,10.1,9.18,7.8,16,16,0,7,0,39,0.78
ALI39,Alimentos,0.021,8.92,8.11,6.89,0,29,71,59,0,159,3.339
ALI40,Alimentos,0.017,10.82,9.84,8.36,0,0,0,72,90,162,2.754
ALI41,Alimentos,0.019,11.91,10.83,9.21,4,26,0,49,97,176,3.344
ALI42,Alimentos,0.025,9.18,8.35,7.1,50,0,85,30,22,187,4.675
ALI43,Alimentos,0.025,12.98,11.8,10.03,0,55,0,60,75,190,4.75
ALI44,Alimentos,0.025,11.26,10.24,8.7,32,0,68,0,29,129,3.225
ALI45,Alimentos,0.018,10.24,9.31,7.91,48,0,65,3,0,116,2.088
ALI46,Alimentos,0.02,10.31,9.37,7.96,0,59,0,78,0,137,2.74
ALI47,Alimentos,0.017,11.91,10.83,9.21,3,0,9,0,78,90,1.53
ALI48,Alimentos,0.017,12.13,11.03,9.38,85,20,88,12,95,300,5.1
ALI49,Alimentos,0.018,11.3,10.27,8.73,28,13,48,58,0,147,2.646
ALI50,Alimentos,0.017,11.57,10.52,8.94,53,96,66,93,58,366,6.222
ALI51,Alimentos,0.019,10.32,9.38,7.97,69,50,0,9,94,222,4.218
ALI52,Alimentos,0.02,7.89,7.17,6.09,23,0,10,10,0,43,0.86
ALI53,Alimentos,0.026,10.5,9.55,8.12,75,79,0,52,25,231,6.006
ALI54,Alimentos,0.021,10.7,9.73,8.27,54,44,0,0,51,149,3.129
ALI55,Alimentos,0.025,10.04,9.13,7.76,50,14,60,0,85,209,5.225
ALI56,Alimentos,0.014,10.03,9.12,7.75,0,0,31,0,77,108,1.512
ALI57,Alimentos,0.016,10.75,9.77,8.3,28,15,33,43,0,119,1.904
ALI58,Alimentos,0.02,11.59,10.54,8.96,32,54,2,68,68,224,4.48
ALI59,Alimentos,0.02,11.48,10.44,8.87,0,0,68,73,0,141,2.82
ALI60,Alimentos,0.017,12.08,10.98,9.33,32,7,11,0,0,50,0.85
ALI61,Alimentos,0.02,11.18,10.16,8.64,79,0,86,70,69,304,6.08
ALI62,Alimentos,0.016,8.5,7.73,6.57,1,0,0,0,27,28,0.448
ALI63,Alimentos,0.027,10.8,9.82,8.35,0,94,92,70,99,355,9.585
ALI64,Alimentos,0.02,11.59,10.54,8.96,0,10,0,0,0,10,0.2
ALI65,Alimentos,0.022,12.41,11.28,9.59,40,0,74,48,13,175,3.85
ALI66,Alimentos,0.023,9.71,8.83,7.51,7,89,0,25,85,206,4.738
ALI67,Alimentos,0.021,10.65,9.68,8.23,0,0,48,22,0,70,1.47
ALI68,Alimentos,0.022,11.04,10.04,8.53,0,29,55,0,0,84,1.848
ALI69,Alimentos,0.025,10.8,9.82,8.35,36,19,0,0,21,76,1.9
ALI70,Alimentos,0.021,11.5,10.45,8.88,0,95,0,94,100,289,6.069
ALI71,Alimentos,0.022,9.24,8.4,7.14,20,42,0,47,98,207,4.554
ALI72,Alimentos,0.018,11.61,10.55,8.97,87,92,95,32,97,403,7.254
ALI73,Alimentos,0.022,10.3,9.36,7.96,26,60,0,49,53,188,4.136
ALI74,Alimentos,0.015,11.25,10.23,8.7,68,29,0,0,9,106,1.59
ALI75,Alimentos,0.022,9.62,8.75,7.44,4,79,62,0,19,164,3.608
ALI76,Alimentos,0.018,10.98,9.98,8.48,52,0,0,14,89,155,2.79
ALI77,Alimentos,0.025,10.28,9.35,7.95,14,65,89,93,40,301,7.525
ALI78,Alimentos,0.018,12.31,11.19,9.51,0,38,9,51,0,98,1.764
ALI79,Alimentos,0.016,11.01,10.01,8.51,0,0,0,0,81,81,1.296
ALI80,Alimentos,0.028,9.31,8.46,7.19,41,31,66,0,8,146,4.088
ALI81,Alimentos,0.024,10.79,9.81,8.34,69,26,29,0,42,166,3.984
ALI82,Alimentos,0.016,10.4,9.45,8.03,80,0,0,0,92,172,2.752
ALI83,Alimentos,0.021,8.14,7.4,6.29,73,77,5,57,68,280,5.88
ALI84,Alimentos,0.022,9.96,9.05,7.69,83,35,0,18,0,136,2.992
ALI85,Alimentos,0.018,11.38,10.35,8.8,0,17,32,0,97,146,2.628
ALI86,Alimentos,0.016,10.2,9.27,7.88,1,0,0,62,96,159,2.544
ALI87,Alimentos,0.015,11.75,10.68,9.08,64,79,18,1,4,166,2.49
ALI88,Alimentos,0.022,11.95,10.86,9.23,0,11,86,73,98,268,5.896
ALI89,Alimentos,0.026,10.34,9.4,7.99,42,52,0,35,59,188,4.888
ALI90,Alimentos,0.018,11.53,10.48,8.91,41,94,0,0,44,179,3.222
ALI91,Alimentos,0.016,12.16,11.05,9.39,66,0,31,30,10,137,2.192
ALI92,Alimentos,0.024,12.19,11.08,9.42,24,89,57,62,81,313,7.512
ALI93,Alimentos,0.018,11.92,10.84,9.21,0,7,6,97,80,190,3.42
ALI94,Alimentos,0.024,12.17,11.06,9.4,38,93,29,12,0,172,4.128
ALI95,Alimentos,0.023,11.77,10.7,9.09,13,0,77,0,58,148,3.404
ALI96,Alimentos,0.022,10.93,9.94,8.45,0,58,74,36,96,264,5.808
ALI97,Alimentos,0.017,11.01,10.01,8.51,60,81,0,72,37,250,4.25
ALI98,Alimentos,0.019,9.9,9.0,7.65,81,0,2,0,82,165,3.135
ALI99,Alimentos,0.022,12.17,11.06,9.4,0,47,39,77,87,250,5.5
ALI100,Alimentos,0.017,11.08,10.07,8.56,0,1,8,46,5,60,1.02
JUG1,Juguetes,0.039,25.77,23.43,19.92,0,70,0,19,56,145,5.655
JUG2,Juguetes,0.029,26.31,23.92,20.33,11,93,49,54,48,255,7.395
JUG3,Juguetes,0.022,26.51,24.1,20.48,65,0,0,0,19,84,1.848
JUG4,Juguetes,0.03,23.85,21.68,18.43,96,0,15,63,58,232,6.96
JUG5,Juguetes,0.024,22.42,20.38,17.32,14,0,0,27,0,41,0.984
JUG6,Juguetes,0.022,30.11,27.37,23.26,96,44,0,0,94,234,5.148
JUG7,Juguetes,0.028,25.99,23.63,20.09,43,47,50,0,0,140,3.92
JUG8,Juguetes,0.036,30.77,27.97,23.77,45,2,0,43,81,171,6.156
JUG9,Juguetes,0.032,29.02,26.38,22.42,0,42,58,55,16,171,5.472
JUG10,Juguetes,0.028,27.62,25.11,21.34,0,22,94,15,78,209,5.852
JUG11,Juguetes,0.024,29.05,26.41,22.45,97,0,0,20,0,117,2.808
JUG12,Juguetes,0.031,28.37,25.79,21.92,20,0,20,61,0,101,3.131
JUG13,Juguetes,0.038,32.31,29.37,24.96,49,0,60,0,0,109,4.142
JUG14,Juguetes,0.033,28.49,25.9,22.01,0,0,0,0,0,0,0.0
JUG15,Juguetes,0.026,27.31,24.83,21.11,62,44,54,0,94,254,6.604
JUG16,Juguetes,0.033,28.62,26.02,22.12,75,91,35,0,46,247,8.151
JUG17,Juguetes,0.035,29.89,27.17,23.09,32,0,11,89,41,173,6.055
JUG18,Juguetes,0.032,22.78,20.71,17.6,10,86,53,70,23,242,7.744
JUG19,Juguetes,0.034,23.82,21.65,18.4,58,19,21,50,91,239,8.126
JUG20,Juguetes,0.019,26.18,23.8,20.23,0,1,29,0,28,58,1.102
JUG21,Juguetes,0.039,26.15,23.77,20.2,51,0,0,0,0,51,1.989
JUG22,Juguetes,0.024,29.0,26.36,22.41,84,74,56,0,0,214,5.136
JUG23,Juguetes,0.025,24.52,22.29,18.95,31,34,9,8,76,158,3.95
JUG24,Juguetes,0.036,25.66,23.33,19.83,88,94,4,8,30,224,8.064
JUG25,Juguetes,0.025,26.87,24.43,20.77,37,30,0,80,54,201,5.025
JUG26,Juguetes,0.031,27.98,25.44,21.62,65,20,45,0,54,184,5.704
JUG27,Juguetes,0.024,29.03,26.39,22.43,0,0,0,0,60,60,1.44
JUG28,Juguetes,0.04,27.81,25.28,21.49,0,0,0,0,85,85,3.4
JUG29,Juguetes,0.022,25.55,23.23,19.75,0,0,32,44,0,76,1.672
JUG30,Juguetes,0.026,27.09,24.63,20.94,0,0,95,46,37,178,4.628
JUG31,Juguetes,0.019,23.14,21.04,17.88,35,57,58,0,29,179,3.401
JUG32,Juguetes,0.029,30.29,27.54,23.41,48,34,0,44,0,126,3.654
JUG33,Juguetes,0.028,25.04,22.76,19.35,57,0,14,86,0,157,4.396
JUG34,Juguetes,0.032,20.12,18.29,15.55,0,71,0,25,38,134,4.288
JUG35,Juguetes,0.036,31.53,28.66,24.36,0,0,61,34,77,172,6.192
JUG36,Juguetes,0.032,28.49,25.9,22.01,27,5,71,22,0,125,4.0
JUG37,Juguetes,0.03,25.3,23.0,19.55,13,72,86,0,0,171,5.13
JUG38,Juguetes,0.036,26.74,24.31,20.66,35,96,0,50,0,181,6.516
JUG39,Juguetes,0.027,30.8,28.0,23.8,20,100,38,4,0,162,4.374
JUG40,Juguetes,0.021,24.05,21.86,18.58,0,10,24,61,51,146,3.066
JUG41,Juguetes,0.023,29.29,26.63,22.64,27,0,73,68,36,204,4.692
JUG42,Juguetes,0.032,31.34,28.49,24.22,65,72,32,0,54,223,7.136
JUG43,Juguetes,0.034,31.36,28.51,24.23,0,0,85,65,87,237,8.058
JUG44,Juguetes,0.039,28.99,26.35,22.4,51,85,40,48,0,224,8.736
JUG45,Juguetes,0.029,32.47,29.52,25.09,0,0,2,0,0,2,0.058
JUG46,Juguetes,0.029,29.84,27.13,23.06,30,0,0,57,12,99,2.871
JUG47,Juguetes,0.036,28.91,26.28,22.34,71,0,57,0,92,220,7.92
JUG48,Juguetes,0.037,23.58,21.44,18.22,0,0,57,0,43,100,3.7
JUG49,Juguetes,0.023,29.83,27.12,23.05,74,69,66,0,0,209,4.807
JUG50,Juguetes,0.039,24.89,22.63,19.24,19,0,0,0,83,102,3.978
JUG51,Juguetes,0.021,28.46,25.87,21.99,0,53,4,86,85,228,4.788
JUG52,Juguetes,0.028,29.35,26.68,22.68,100,76,78,0,40,294,8.232
JUG53,Juguetes,0.034,29.58,26.89,22.86,80,100,0,0,16,196,6.664
JUG54,Juguetes,0.026,30.84,28.04,23.83,39,2,51,0,0,92,2.392
JUG55,Juguetes,0.038,29.22,26.56,22.58,67,0,77,46,38,228,8.664
JUG56,Juguetes,0.032,30.16,27.42,23.31,41,41,99,66,21,268,8.576
JUG57,Juguetes,0.039,25.24,22.95,19.51,0,43,90,90,6,229,8.931
JUG58,Juguetes,0.031,23.45,21.32,18.12,100,98,50,73,60,381,11.811
JUG59,Juguetes,0.031,25.87,23.52,19.99,23,54,54,11,92,234,7.254
JUG60,Juguetes,0.022,27.5,25.0,21.25,56,57,50,0,0,163,3.586
JUG61,Juguetes,0.04,30.89,28.08,23.87,0,58,23,53,77,211,8.44
JUG62,Juguetes,0.038,28.94,26.31,22.36,58,77,72,95,34,336,12.768
JUG63,Juguetes,0.028,20.55,18.68,15.88,0,39,0,89,41,169,4.732
JUG64,Juguetes,0.037,22.72,20.65,17.55,0,0,18,0,44,62,2.294
JUG65,Juguetes,0.034,24.39,22.17,18.84,81,84,0,63,0,228,7.752
JUG66,Juguetes,0.03,28.29,25.72,21.86,24,79,0,6,0,109,3.27
JUG67,Juguetes,0.026,26.94,24.49,20.82,0,0,0,25,0,25,0.65
JUG68,Juguetes,0.027,22.81,20.74,17.63,72,4,0,0,0,76,2.052
JUG69,Juguetes,0.022,25.39,23.08,19.62,54,0,0,73,0,127,2.794
JUG70,Juguetes,0.028,29.92,27.2,23.12,0,0,27,1,38,66,1.848
JUG71,Juguetes,0.032,26.51,24.1,20.48,41,30,0,47,0,118,3.776
JUG72,Juguetes,0.03,25.17,22.88,19.45,23,1,75,0,17,116,3.48
JUG73,Juguetes,0.028,32.29,29.35,24.95,40,53,69,81,2,245,6.86
JUG74,Juguetes,0.031,30.87,28.06,23.85,99,85,11,0,28,223,6.913
JUG75,Juguetes,0.04,27.36,24.87,21.14,27,77,9,80,16,209,8.36
JUG76,Juguetes,0.018,26.05,23.68,20.13,67,0,0,94,0,161,2.898
JUG77,Juguetes,0.04,32.74,29.76,25.3,28,50,0,37,11,126,5.04
JUG78,Juguetes,0.032,25.05,22.77,19.35,39,0,0,0,0,39,1.248
JUG79,Juguetes,0.035,25.99,23.63,20.09,90,96,39,0,11,236,8.26
JUG80,Juguetes,0.037,26.04,23.67,20.12,0,37,78,71,0,186,6.882
JUG81,Juguetes,0.034,24.46,22.24,18.9,0,83,0,0,0,83,2.822
JUG82,Juguetes,0.032,28.31,25.74,21.88,47,65,0,23,8,143,4.576
JUG83,Juguetes,0.025,27.41,24.92,21.18,89,0,0,0,0,89,2.225
JUG84,Juguetes,0.035,27.31,24.83,21.11,24,66,0,27,19,136,4.76
JUG85,Juguetes,0.038,26.05,23.68,20.13,76,0,0,0,6,82,3.116
JUG86,Juguetes,0.031,34.13,31.03,26.38,88,30,29,0,0,147,4.557
JUG87,Juguetes,0.04,21.77,19.79,16.82,78,0,0,22,0,100,4.0
JUG88,Juguetes,0.025,28.18,25.62,21.78,0,0,12,72,14,98,2.45
JUG89,Juguetes,0.032,26.03,23.66,20.11,68,0,54,38,90,250,8.0
JUG90,Juguetes,0.029,25.74,23.4,19.89,0,76,33,68,0,177,5.133
JUG91,Juguetes,0.03,26.96,24.51,20.83,95,53,91,0,45,284,8.52
JUG92,Juguetes,0.037,24.28,22.07,18.76,79,93,84,63,0,319,11.803
JUG93,Juguetes,0.039,29.91,27.19,23.11,99,2,6,0,21,128,4.992
JUG94,Juguetes,0.022,25.24,22.95,19.51,77,91,0,11,90,269,5.918
JUG95,Juguetes,0.023,28.39,25.81,21.94,0,96,21,29,0,146,3.358
JUG96,Juguetes,0.028,33.21,30.19,25.66,65,65,40,87,74,331,9.268
JUG97,Juguetes,0.04,24.89,22.63,19.24,15,84,86,88,2,275,11.0
JUG98,Juguetes,0.036,24.46,22.24,18.9,0,0,7,19,76,102,3.672
JUG99,Juguetes,0.027,28.47,25.88,22.0,34,0,28,0,43,105,2.835
JUG100,Juguetes,0.029,24.18,21.98,18.68,0,36,87,7,62,192,5.568
LIB1,Libros,0.021,23.2,21.09,17.93,75,39,52,86,15,267,5.607
LIB2,Libros,0.022,23.02,20.93,17.79,0,40,24,0,98,162,3.564
LIB3,Libros,0.022,25.33,23.03,19.58,0,52,34,0,0,86,1.892
LIB4,Libros,0.022,18.16,16.51,14.03,92,75,98,0,96,361,7.942
LIB5,Libros,0.017,17.8,16.18,13.75,0,0,57,23,0,80,1.36
LIB6,Libros,0.023,18.89,17.17,14.59,40,9,75,75,26,225,5.175
LIB7,Libros,0.014,19.17,17.43,14.82,73,5,0,0,24,102,1.428
LIB8,Libros,0.02,24.72,22.47,19.1,0,12,73,75,13,173,3.46
LIB9,Libros,0.018,17.89,16.26,13.82,91,0,91,55,34,271,4.878
LIB10,Libros,0.018,21.94,19.95,16.96,16,0,51,96,38,201,3.618
LIB11,Libros,0.021,21.24,19.31,16.41,17,0,45,92,52,206,4.326
LIB12,Libros,0.017,21.53,19.57,16.63,36,15,77,74,45,247,4.199
LIB13,Libros,0.017,18.99,17.26,14.67,0,8,17,54,52,131,2.227
LIB14,Libros,0.017,21.64,19.67,16.72,0,0,76,0,18,94,1.598
LIB15,Libros,0.021,18.67,16.97,14.42,29,62,95,0,84,270,5.67
LIB16,Libros,0.026,25.01,22.74,19.33,15,65,34,54,19,187,4.862
LIB17,Libros,0.022,23.7,21.55,18.32,0,77,35,78,19,209,4.598
LIB18,Libros,0.019,23.61,21.46,18.24,0,78,27,31,2,138,2.622
LIB19,Libros,0.023,18.0,16.36,13.91,0,0,0,97,96,193,4.439
LIB20,Libros,0.017,25.32,23.02,19.57,7,54,73,93,15,242,4.114
LIB21,Libros,0.023,20.45,18.59,15.8,99,0,44,52,56,251,5.773
LIB22,Libros,0.015,22.98,20.89,17.76,0,2,36,17,0,55,0.825
LIB23,Libros,0.015,21.34,19.4,16.49,66,86,0,14,0,166,2.49
LIB24,Libros,0.021,19.5,17.73,15.07,0,0,77,97,0,174,3.654
LIB25,Libros,0.019,23.08,20.98,17.83,90,18,0,0,40,148,2.812
LIB26,Libros,0.02,21.21,19.28,16.39,41,0,70,1,0,112,2.24
LIB27,Libros,0.026,18.19,16.54,14.06,97,35,0,59,0,191,4.966
LIB28,Libros,0.023,21.47,19.52,16.59,36,0,19,77,73,205,4.715
LIB29,Libros,0.017,20.44,18.58,15.79,74,91,0,22,6,193,3.281
LIB30,Libros,0.017,23.49,21.35,18.15,0,28,21,5,14,68,1.156
LIB31,Libros,0.02,19.28,17.53,14.9,39,73,66,0,0,178,3.56
LIB32,Libros,0.015,20.23,18.39,15.63,16,55,0,0,14,85,1.275
LIB33,Libros,0.022,19.92,18.11,15.39,49,0,84,86,0,219,4.818
LIB34,Libros,0.014,20.97,19.06,16.2,0,54,76,54,75,259,3.626
LIB35,Libros,0.019,19.57,17.79,15.12,63,9,54,0,0,126,2.394
LIB36,Libros,0.024,23.33,21.21,18.03,40,81,0,24,46,191,4.584
LIB37,Libros,0.012,18.62,16.93,14.39,5,38,79,0,91,213,2.556
LIB38,Libros,0.022,24.05,21.86,18.58,37,69,0,75,0,181,3.982
LIB39,Libros,0.017,19.91,18.1,15.39,67,0,81,0,0,148,2.516
LIB40,Libros,0.024,21.0,19.09,16.23,54,43,44,55,40,236,5.664
LIB41,Libros,0.018,18.36,16.69,14.19,67,0,57,0,47,171,3.078
LIB42,Libros,0.023,20.22,18.38,15.62,0,0,44,79,0,123,2.829
LIB43,Libros,0.025,20.14,18.31,15.56,26,90,5,24,0,145,3.625
LIB44,Libros,0.019,21.59,19.63,16.69,0,48,19,36,0,103,1.957
LIB45,Libros,0.015,24.21,22.01,18.71,96,0,85,40,38,259,3.885
LIB46,Libros,0.02,20.3,18.45,15.68,0,43,6,89,16,154,3.08
LIB47,Libros,0.017,22.97,20.88,17.75,0,33,57,86,71,247,4.199
LIB48,Libros,0.025,24.6,22.36,19.01,93,0,0,0,0,93,2.325
LIB49,Libros,0.026,24.61,22.37,19.01,42,0,62,4,53,161,4.186
LIB50,Libros,0.023,17.67,16.06,13.65,0,0,76,89,50,215,4.945
LIB51,Libros,0.017,21.53,19.57,16.63,62,69,0,0,59,190,3.23
LIB52,Libros,0.017,19.14,17.4,14.79,0,35,79,94,38,246,4.182
LIB53,Libros,0.02,20.11,18.28,15.54,36,12,44,13,0,105,2.1
LIB54,Libros,0.018,21.37,19.43,16.52,0,0,99,21,34,154,2.772
LIB55,Libros,0.021,24.81,22.55,19.17,4,1,15,54,55,129,2.709
LIB56,Libros,0.018,20.26,18.42,15.66,48,0,40,57,58,203,3.654
LIB57,Libros,0.021,23.17,21.06,17.9,29,62,46,0,0,137,2.877
LIB58,Libros,0.013,20.99,19.08,16.22,46,79,0,0,95,220,2.86
LIB59,Libros,0.016,21.88,19.89,16.91,41,35,0,0,0,76,1.216
LIB60,Libros,0.029,24.6,22.36,19.01,0,49,75,0,29,153,4.437
LIB61,Libros,0.023,19.6,17.82,15.15,2,45,86,73,41,247,5.681
LIB62,Libros,0.025,20.24,18.4,15.64,49,24,0,58,37,168,4.2
LIB63,Libros,0.019,23.55,21.41,18.2,0,3,0,67,58,128,2.432
LIB64,Libros,0.015,24.7,22.45,19.08,14,66,23,17,91,211,3.165
LIB65,Libros,0.019,20.86,18.96,16.12,41,96,12,0,6,155,2.945
LIB66,Libros,0.02,19.25,17.5,14.88,52,100,22,8,15,197,3.94
LIB67,Libros,0.015,18.05,16.41,13.95,52,21,50,0,74,197,2.955
LIB68,Libros,0.022,22.39,20.35,17.3,94,0,26,44,41,205,4.51
LIB69,Libros,0.016,18.29,16.63,14.14,0,14,0,63,0,77,1.232
LIB70,Libros,0.017,22.18,20.16,17.14,43,82,40,7,72,244,4.148
LIB71,Libros,0.02,20.21,18.37,15.61,38,87,14,0,0,139,2.78
LIB72,Libros,0.015,21.52,19.56,16.63,43,0,92,66,41,242,3.63
LIB73,Libros,0.018,26.99,24.54,20.86,76,70,0,92,0,238,4.284
LIB74,Libros,0.017,23.23,21.12,17.95,0,16,31,41,91,179,3.043
LIB75,Libros,0.028,21.52,19.56,16.63,73,93,0,98,0,264,7.392
LIB76,Libros,0.023,20.7,18.82,16.0,0,20,50,12,0,82,1.886
LIB77,Libros,0.021,23.85,21.68,18.43,12,0,21,0,75,108,2.268
LIB78,Libros,0.025,22.72,20.65,17.55,8,72,37,76,48,241,6.025
LIB79,Libros,0.025,23.02,20.93,17.79,17,94,35,44,0,190,4.75
LIB80,Libros,0.028,24.43,22.21,18.88,0,0,44,67,32,143,4.004
LIB81,Libros,0.015,23.53,21.39,18.18,0,21,0,0,0,21,0.315
LIB82,Libros,0.019,20.81,18.92,16.08,14,31,27,12,78,162,3.078
LIB83,Libros,0.015,22.04,20.04,17.03,0,0,40,39,83,162,2.43
LIB84,Libros,0.02,23.2,21.09,17.93,0,0,0,0,35,35,0.7
LIB85,Libros,0.021,21.1,19.18,16.3,93,78,0,0,0,171,3.591
LIB86,Libros,0.02,18.39,16.72,14.21,9,99,55,93,0,256,5.12
LIB87,Libros,0.012,24.16,21.96,18.67,0,0,53,49,16,118,1.416
LIB88,Libros,0.019,16.19,14.72,12.51,0,6,0,0,94,100,1.9
LIB89,Libros,0.023,25.37,23.06,19.6,3,14,0,0,0,17,0.391
LIB90,Libros,0.024,23.36,21.24,18.05,36,26,89,0,0,151,3.624
LIB91,Libros,0.017,24.6,22.36,19.01,99,0,83,76,0,258,4.386
LIB92,Libros,0.013,18.64,16.95,14.41,97,0,72,5,62,236,3.068
LIB93,Libros,0.013,25.76,23.42,19.91,77,73,81,0,57,288,3.744
LIB94,Libros,0.016,21.45,19.5,16.58,36,15,32,100,0,183,2.928
LIB95,Libros,0.027,19.88,18.07,15.36,0,0,93,83,87,263,7.101
LIB96,Libros,0.015,25.01,22.74,19.33,27,17,9,42,40,135,2.025
LIB97,Libros,0.015,21.77,19.79,16.82,37,39,0,64,0,140,2.1
LIB98,Libros,0.018,24.65,22.41,19.05,38,0,57,39,71,205,3.69
LIB99,Libros,0.026,23.51,21.37,18.16,27,0,0,18,43,88,2.288
LIB100,Libros,0.02,17.94,16.31,13.86,0,29,0,63,0,92,1.84
HER1,Herramientas,0.102,175.57,159.61,135.67,0,25,0,47,36,108,11.016
HER2,Herramientas,0.05,174.56,158.69,134.89,86,0,0,81,40,207,10.35
HER3,Herramientas,0.118,168.71,153.37,130.36,73,19,65,88,39,284,33.512
HER4,Herramientas,0.084,155.56,141.42,120.21,0,0,1,37,42,80,6.72
HER5,Herramientas,0.076,196.69,178.81,151.99,0,0,0,32,0,32,2.432
HER6,Herramientas,0.069,153.13,139.21,118.33,74,0,50,53,72,249,17.181
HER7,Herramientas,0.07,203.01,184.55,156.87,52,55,91,100,61,359,25.13
HER8,Herramientas,0.093,175.71,159.74,135.78,0,0,86,0,0,86,7.998
HER9,Herramientas,0.1,198.82,180.75,153.64,0,66,66,2,16,150,15.0
HER10,Herramientas,0.104,174.24,158.4,134.64,1,69,67,56,96,289,30.056
HER11,Herramientas,0.094,148.73,135.21,114.93,54,62,40,0,30,186,17.484
HER12,Herramientas,0.064,153.66,139.69,118.74,50,64,0,16,0,130,8.32
HER13,Herramientas,0.087,174.84,158.95,135.11,88,11,65,86,79,329,28.623
HER14,Herramientas,0.077,140.12,127.38,108.27,0,27,0,0,3,30,2.31
HER15,Herramientas,0.104,169.27,153.88,130.8,1,80,80,67,0,228,23.712
HER16,Herramientas,0.103,170.47,154.97,131.72,55,5,29,50,31,170,17.51
HER17,Herramientas,0.085,159.06,144.6,122.91,72,81,0,94,5,252,21.42
HER18,Herramientas,0.116,184.86,168.05,142.84,74,93,2,80,0,249,28.884
HER19,Herramientas,0.117,181.98,165.44,140.62,54,0,82,0,0,136,15.912
HER20,Herramientas,0.136,161.63,146.94,124.9,79,12,0,77,36,204,27.744
HER21,Herramientas,0.083,174.96,159.05,135.19,31,44,23,76,76,250,20.75
HER22,Herramientas,0.106,155.21,141.1,119.93,77,54,57,9,83,280,29.68
HER23,Herramientas,0.107,155.56,141.42,120.21,16,84,0,95,55,250,26.75
HER24,Herramientas,0.116,142.14,129.22,109.84,0,92,0,68,14,174,20.184
HER25,Herramientas,0.101,172.0,156.36,132.91,10,9,7,32,21,79,7.979
HER26,Herramientas,0.121,165.25,150.23,127.7,30,0,98,0,0,128,15.488
HER27,Herramientas,0.134,181.42,164.93,140.19,17,18,70,0,75,180,24.12
HER28,Herramientas,0.137,148.58,135.07,114.81,23,0,65,31,3,122,16.714
HER29,Herramientas,0.098,178.09,161.9,137.62,7,0,0,17,0,24,2.352
HER30,Herramientas,0.114,172.9,157.18,133.6,0,0,0,61,90,151,17.214
HER31,Herramientas,0.096,148.58,135.07,114.81,31,7,11,46,60,155,14.88
HER32,Herramientas,0.091,163.24,148.4,126.14,72,6,21,54,30,183,16.653
HER33,Herramientas,0.1,169.58,154.16,131.04,27,99,65,0,35,226,22.6
HER34,Herramientas,0.089,169.76,154.33,131.18,7,0,15,0,75,97,8.633
HER35,Herramientas,0.09,181.53,165.03,140.28,0,2,0,0,0,2,0.18
HER36,Herramientas,0.073,168.88,153.53,130.5,0,17,11,83,87,198,14.454
HER37,Herramientas,0.098,130.76,118.87,101.04,0,94,0,0,0,94,9.212
HER38,Herramientas,0.09,149.81,136.19,115.76,70,0,48,0,0,118,10.62
HER39,Herramientas,0.126,167.99,152.72,129.81,0,94,0,80,0,174,21.924
HER40,Herramientas,0.101,190.91,173.55,147.52,91,88,75,85,0,339,34.239
HER41,Herramientas,0.08,148.61,135.1,114.84,12,14,35,0,56,117,9.36
HER42,Herramientas,0.082,156.54,142.31,120.96,30,71,63,50,0,214,17.548
HER43,Herramientas,0.102,150.86,137.15,116.58,12,17,0,0,94,123,12.546
HER44,Herramientas,0.108,162.79,147.99,125.79,0,0,14,93,0,107,11.556
HER45,Herramientas,0.105,158.4,144.0,122.4,98,12,68,7,47,232,24.36
HER46,Herramientas,0.093,158.72,144.29,122.65,92,89,84,47,73,385,35.805
HER47,Herramientas,0.089,161.66,146.96,124.92,2,48,8,0,43,101,8.989
HER48,Herramientas,0.124,157.68,143.35,121.85,0,0,0,0,49,49,6.076
HER49,Herramientas,0.117,191.54,174.13,148.01,9,75,0,25,72,181,21.177
HER50,Herramientas,0.116,159.59,145.08,123.32,55,0,56,3,0,114,13.224
HER51,Herramientas,0.112,141.97,129.06,109.7,13,0,0,0,0,13,1.456
HER52,Herramientas,0.099,147.49,134.08,113.97,2,90,0,96,0,188,18.612
HER53,Herramientas,0.133,170.27,154.79,131.57,84,37,34,0,0,155,20.615
HER54,Herramientas,0.112,160.94,146.31,124.36,11,66,6,94,63,240,26.88
HER55,Herramientas,0.105,180.68,164.25,139.61,0,0,24,0,64,88,9.24
HER56,Herramientas,0.116,162.64,147.85,125.67,7,95,21,28,8,159,18.444
HER57,Herramientas,0.117,167.36,152.15,129.33,67,74,6,20,79,246,28.782
HER58,Herramientas,0.089,184.69,167.9,142.72,92,47,64,73,78,354,31.506
HER59,Herramientas,0.097,155.83,141.66,120.41,15,54,22,65,9,165,16.005
HER60,Herramientas,0.11,146.27,132.97,113.02,65,36,0,0,65,166,18.26
HER61,Herramientas,0.098,140.26,127.51,108.38,96,60,94,19,26,295,28.91
HER62,Herramientas,0.119,165.99,150.9,128.27,59,0,21,0,0,80,9.52
HER63,Herramientas,0.109,180.84,164.4,139.74,36,0,62,43,62,203,22.127
HER64,Herramientas,0.117,134.3,122.09,103.78,50,0,86,0,4,140,16.38
HER65,Herramientas,0.125,171.26,155.69,132.34,14,25,80,6,82,207,25.875
HER66,Herramientas,0.097,166.6,151.45,128.73,79,0,19,0,59,157,15.229
HER67,Herramientas,0.111,201.04,182.76,155.35,0,0,0,4,38,42,4.662
HER68,Herramientas,0.118,171.78,156.16,132.74,20,94,60,91,33,298,35.164
HER69,Herramientas,0.107,154.97,140.88,119.75,1,34,38,43,0,116,12.412
HER70,Herramientas,0.07,189.06,171.87,146.09,96,62,89,67,42,356,24.92
HER71,Herramientas,0.079,174.37,158.52,134.74,47,44,28,33,5,157,12.403
HER72,Herramientas,0.102,141.7,128.82,109.5,73,0,0,20,52,145,14.79
HER73,Herramientas,0.091,137.13,124.66,105.96,37,7,91,89,29,253,23.023
HER74,Herramientas,0.083,184.52,167.75,142.59,0,25,6,89,0,120,9.96
HER75,Herramientas,0.107,192.12,174.65,148.45,27,0,97,32,45,201,21.507
HER76,Herramientas,0.068,163.35,148.5,126.22,19,0,0,77,0,96,6.528
HER77,Herramientas,0.072,165.37,150.34,127.79,67,0,40,0,0,107,7.704
HER78,Herramientas,0.096,184.43,167.66,142.51,0,18,0,22,40,80,7.68
HER79,Herramientas,0.116,134.44,122.22,103.89,3,0,10,0,67,80,9.28
HER80,Herramientas,0.12,169.63,154.21,131.08,58,0,48,23,27,156,18.72
HER81,Herramientas,0.119,151.65,137.86,117.18,3,90,0,27,88,208,24.752
HER82,Herramientas,0.144,180.29,163.9,139.32,0,7,79,38,31,155,22.32
HER83,Herramientas,0.108,163.27,148.43,126.17,44,0,55,91,40,230,24.84
HER84,Herramientas,0.08,168.64,153.31,130.31,67,16,83,50,86,302,24.16
HER85,Herramientas,0.106,149.31,135.74,115.38,2,0,87,66,54,209,22.154
HER86,Herramientas,0.088,149.92,136.29,115.85,66,25,0,46,0,137,12.056
HER87,Herramientas,0.06,159.01,144.55,122.87,0,98,0,0,0,98,5.88
HER88,Herramientas,0.129,158.28,143.89,122.31,38,0,0,21,74,133,17.157
HER89,Herramientas,0.102,179.18,162.89,138.46,13,76,0,91,65,245,24.99
HER90,Herramientas,0.108,167.76,152.51,129.63,10,92,0,5,58,165,17.82
HER91,Herramientas,0.088,174.82,158.93,135.09,63,0,13,0,1,77,6.776
HER92,Herramientas,0.09,185.0,168.18,142.95,20,82,0,93,0,195,17.55
HER93,Herramientas,0.084,183.91,167.19,142.11,14,45,21,64,0,144,12.096
HER94,Herramientas,0.094,162.6,147.82,125.65,25,0,8,15,0,48,4.512
HER95,Herramientas,0.104,180.81,164.37,139.71,0,43,53,18,58,172,17.888
HER96,Herramientas,0.048,167.24,152.04,129.23,0,56,52,0,10,118,5.664
HER97,Herramientas,0.107,164.08,149.16,126.79,29,88,60,41,72,290,31.03
HER98,Herramientas,0.122,162.84,148.04,125.83,26,13,96,57,0,192,23.424
HER99,Herramientas,0.123,164.0,149.09,126.73,0,36,17,83,0,136,16.728
HER100,Herramientas,0.125,168.68,153.35,130.35,0,96,31,0,25,152,19.0
DEP1,Deportes,0.232,105.24,95.67,81.32,0,0,0,69,25,94,21.808
DEP2,Deportes,0.18,103.43,94.03,79.93,5,92,7,99,27,230,41.4
DEP3,Deportes,0.186,129.94,118.13,100.41,98,0,0,61,0,159,29.574
DEP4,Deportes,0.156,108.92,99.02,84.17,44,19,0,70,0,133,20.748
DEP5,Deportes,0.211,114.36,103.96,88.37,19,34,26,13,84,176,37.136
DEP6,Deportes,0.229,106.63,96.94,82.4,46,90,95,30,22,283,64.807
DEP7,Deportes,0.156,112.68,102.44,87.07,0,0,15,100,0,115,17.94
DEP8,Deportes,0.206,101.27,92.06,78.25,0,20,31,0,3,54,11.124
DEP9,Deportes,0.178,107.18,97.44,82.82,96,93,5,39,88,321,57.138
DEP10,Deportes,0.201,106.48,96.8,82.28,0,22,57,62,100,241,48.441
DEP11,Deportes,0.128,113.56,103.24,87.75,34,16,0,97,80,227,29.056
DEP12,Deportes,0.198,137.63,125.12,106.35,0,35,57,31,99,222,43.956
DEP13,Deportes,0.254,92.72,84.29,71.65,68,0,13,7,19,107,27.178
DEP14,Deportes,0.26,109.07,99.15,84.28,71,40,7,73,0,191,49.66
DEP15,Deportes,0.138,110.28,100.25,85.21,0,0,50,31,21,102,14.076
DEP16,Deportes,0.219,110.79,100.72,85.61,81,0,39,82,41,243,53.217
DEP17,Deportes,0.257,100.8,91.64,77.89,0,23,14,82,0,119,30.583
DEP18,Deportes,0.15,101.75,92.5,78.62,86,96,21,3,33,239,35.85
DEP19,Deportes,0.237,97.67,88.79,75.47,63,0,0,13,8,84,19.908
DEP20,Deportes,0.12,108.93,99.03,84.18,3,0,2,97,16,118,14.16
DEP21,Deportes,0.14,133.02,120.93,102.79,98,0,55,60,44,257,35.98
DEP22,Deportes,0.176,112.88,102.62,87.23,0,43,63,0,78,184,32.384
DEP23,Deportes,0.192,93.68,85.16,72.39,0,94,0,0,7,101,19.392
DEP24,Deportes,0.287,118.95,108.14,91.92,0,0,0,0,16,16,4.592
DEP25,Deportes,0.228,99.29,90.26,76.72,10,13,97,94,72,286,65.208
DEP26,Deportes,0.164,97.49,88.63,75.34,30,69,80,78,9,266,43.624
DEP27,Deportes,0.245,97.6,88.73,75.42,0,58,0,16,5,79,19.355
DEP28,Deportes,0.23,121.52,110.47,93.9,1,74,0,21,62,158,36.34
DEP29,Deportes,0.154,117.49,106.81,90.79,45,88,0,65,39,237,36.498
DEP30,Deportes,0.129,107.8,98.0,83.3,5,40,85,39,48,217,27.993
DEP31,Deportes,0.201,102.81,93.46,79.44,0,28,2,0,30,60,12.06
DEP32,Deportes,0.166,97.31,88.46,75.19,24,0,90,82,59,255,42.33
DEP33,Deportes,0.187,112.5,102.27,86.93,73,67,0,50,77,267,49.929
DEP34,Deportes,0.239,130.45,118.59,100.8,23,33,0,49,0,105,25.095
DEP35,Deportes,0.178,90.84,82.58,70.19,36,0,56,71,0,163,29.014
DEP36,Deportes,0.242,110.87,100.79,85.67,24,0,50,82,76,232,56.144
DEP37,Deportes,0.208,102.66,93.33,79.33,0,0,0,0,0,0,0.0
DEP38,Deportes,0.194,116.34,105.76,89.9,45,77,59,0,63,244,47.336
DEP39,Deportes,0.146,119.24,108.4,92.14,6,100,0,0,91,197,28.762
DEP40,Deportes,0.22,118.39,107.63,91.49,97,97,0,75,50,319,70.18
DEP41,Deportes,0.214,100.33,91.21,77.53,51,98,88,20,0,257,54.998
DEP42,Deportes,0.182,121.9,110.82,94.2,58,23,0,19,25,125,22.75
DEP43,Deportes,0.224,112.2,102.0,86.7,2,33,0,97,9,141,31.584
DEP44,Deportes,0.187,85.9,78.09,66.38,55,52,60,0,3,170,31.79
DEP45,Deportes,0.166,113.85,103.5,87.98,0,43,82,85,22,232,38.512
DEP46,Deportes,0.197,101.17,91.97,78.17,53,75,0,18,77,223,43.931
DEP47,Deportes,0.22,106.25,96.59,82.1,36,0,0,88,75,199,43.78
DEP48,Deportes,0.247,107.66,97.87,83.19,7,36,0,66,41,150,37.05
DEP49,Deportes,0.18,104.56,95.05,80.79,0,0,42,78,0,120,21.6
DEP50,Deportes,0.176,111.06,100.96,85.82,75,4,8,43,0,130,22.88
DEP51,Deportes,0.274,123.08,111.89,95.11,64,54,0,8,0,126,34.524
DEP52,Deportes,0.168,114.21,103.83,88.26,80,95,47,0,0,222,37.296
DEP53,Deportes,0.251,113.55,103.23,87.75,46,69,58,77,0,250,62.75
DEP54,Deportes,0.218,117.02,106.38,90.42,0,49,3,94,0,146,31.828
DEP55,Deportes,0.211,96.86,88.05,74.84,59,0,0,28,88,175,36.925
DEP56,Deportes,0.185,104.93,95.39,81.08,66,29,88,0,50,233,43.105
DEP57,Deportes,0.182,103.52,94.11,79.99,55,42,65,2,22,186,33.852
DEP58,Deportes,0.198,112.52,102.29,86.95,0,0,8,38,0,46,9.108
DEP59,Deportes,0.215,107.65,97.86,83.18,86,0,51,87,0,224,48.16
DEP60,Deportes,0.22,109.46,99.51,84.58,93,54,1,0,1,149,32.78
DEP61,Deportes,0.163,108.04,98.22,83.49,71,0,0,50,0,121,19.723
DEP62,Deportes,0.15,124.82,113.47,96.45,34,54,55,47,0,190,28.5
DEP63,Deportes,0.178,109.42,99.47,84.55,85,39,77,99,0,300,53.4
DEP64,Deportes,0.248,121.99,110.9,94.26,98,98,56,0,72,324,80.352
DEP65,Deportes,0.188,112.39,102.17,86.84,88,12,48,19,20,187,35.156
DEP66,Deportes,0.169,121.76,110.69,94.09,91,92,0,83,63,329,55.601
DEP67,Deportes,0.198,108.9,99.0,84.15,0,88,48,61,0,197,39.006
DEP68,Deportes,0.143,125.95,114.5,97.32,0,75,0,51,16,142,20.306
DEP69,Deportes,0.209,100.14,91.04,77.38,0,88,0,75,100,263,54.967
DEP70,Deportes,0.166,102.45,93.14,79.17,52,96,88,29,71,336,55.776
DEP71,Deportes,0.188,103.44,94.04,79.93,0,74,12,0,7,93,17.484
DEP72,Deportes,0.204,110.31,100.28,85.24,17,0,99,75,0,191,38.964
DEP73,Deportes,0.161,112.3,102.09,86.78,90,29,78,21,59,277,44.597
DEP74,Deportes,0.222,101.53,92.3,78.46,9,49,0,9,34,101,22.422
DEP75,Deportes,0.206,109.91,99.92,84.93,74,19,71,43,84,291,59.946
DEP76,Deportes,0.141,129.03,117.3,99.7,48,17,0,0,0,65,9.165
DEP77,Deportes,0.22,106.21,96.55,82.07,0,63,3,30,0,96,21.12
DEP78,Deportes,0.241,107.07,97.34,82.74,67,0,0,0,41,108,26.028
DEP79,Deportes,0.086,122.61,111.46,94.74,0,18,60,21,62,161,13.846
DEP80,Deportes,0.177,117.39,106.72,90.71,42,0,0,47,76,165,29.205
DEP81,Deportes,0.178,93.01,84.55,71.87,82,53,22,27,0,184,32.752
DEP82,Deportes,0.253,93.88,85.35,72.55,100,26,27,38,89,280,70.84
DEP83,Deportes,0.256,107.51,97.74,83.08,60,41,28,0,24,153,39.168
DEP84,Deportes,0.193,113.1,102.82,87.4,6,94,34,48,35,217,41.881
DEP85,Deportes,0.162,106.54,96.85,82.32,0,47,21,69,0,137,22.194
DEP86,Deportes,0.154,106.45,96.77,82.25,90,59,17,32,0,198,30.492
DEP87,Deportes,0.135,117.17,106.52,90.54,0,96,0,50,0,146,19.71
DEP88,Deportes,0.229,120.24,109.31,92.91,54,45,85,0,5,189,43.281
DEP89,Deportes,0.172,126.18,114.71,97.5,55,0,0,0,16,71,12.212
DEP90,Deportes,0.15,96.02,87.29,74.2,0,55,76,0,0,131,19.65
DEP91,Deportes,0.251,115.61,105.1,89.34,0,47,2,10,68,127,31.877
DEP92,Deportes,0.25,105.62,96.02,81.62,93,16,68,27,86,290,72.5
DEP93,Deportes,0.224,103.31,93.92,79.83,73,79,0,94,0,246,55.104
DEP94,Deportes,0.153,111.39,101.26,86.07,40,50,0,95,0,185,28.305
DEP95,Deportes,0.204,117.95,107.23,91.15,53,75,0,35,23,186,37.944
DEP96,Deportes,0.2,101.31,92.1,78.28,55,30,67,27,0,179,35.8
DEP97,Deportes,0.219,98.49,89.54,76.11,82,45,0,95,32,254,55.626
DEP98,Deportes,0.174,112.12,101.93,86.64,0,72,74,97,29,272,47.328
DEP99,Deportes,0.189,127.64,116.04,98.63,0,36,36,0,17,89,16.821
DEP100,Deportes,0.185,116.44,105.85,89.97,0,60,0,47,9,116,21.46
BEL1,Belleza,0.011,51.34,46.67,39.67,49,0,60,82,0,191,2.101
BEL2,Belleza,0.012,56.44,51.31,43.61,0,19,0,58,66,143,1.716
BEL3,Belleza,0.008,55.09,50.08,42.57,74,91,31,93,34,323,2.584
BEL4,Belleza,0.009,60.93,55.39,47.08,28,25,28,79,76,236,2.124
BEL5,Belleza,0.008,45.7,41.55,35.32,28,39,0,71,27,165,1.32
BEL6,Belleza,0.009,50.96,46.33,39.38,0,93,1,0,23,117,1.053
BEL7,Belleza,0.006,57.67,52.43,44.57,36,9,22,96,12,175,1.05
BEL8,Belleza,0.008,50.27,45.7,38.84,23,66,0,59,0,148,1.184
BEL9,Belleza,0.009,62.85,57.14,48.57,6,38,0,64,0,108,0.972
BEL10,Belleza,0.011,53.04,48.22,40.99,83,8,61,3,87,242,2.662
BEL11,Belleza,0.01,54.13,49.21,41.83,28,0,0,92,97,217,2.17
BEL12,Belleza,0.01,58.74,53.4,45.39,35,0,58,52,99,244,2.44
BEL13,Belleza,0.008,59.77,54.34,46.19,0,0,0,100,72,172,1.376
BEL14,Belleza,0.013,55.28,50.25,42.71,1,0,0,11,66,78,1.014
BEL15,Belleza,0.01,50.57,45.97,39.07,0,0,16,91,49,156,1.56
BEL16,Belleza,0.013,54.14,49.22,41.84,9,0,83,70,0,162,2.106
BEL17,Belleza,0.015,40.57,36.88,31.35,47,93,40,35,0,215,3.225
BEL18,Belleza,0.011,51.27,46.61,39.62,77,0,1,0,11,89,0.979
BEL19,Belleza,0.007,54.58,49.62,42.18,16,99,0,0,0,115,0.805
BEL20,Belleza,0.01,52.06,47.33,40.23,77,31,33,38,0,179,1.79
BEL21,Belleza,0.008,51.66,46.96,39.92,42,0,0,96,0,138,1.104
BEL22,Belleza,0.011,58.21,52.92,44.98,0,0,0,57,49,106,1.166
BEL23,Belleza,0.011,50.31,45.74,38.88,0,78,0,0,58,136,1.496
BEL24,Belleza,0.01,59.13,53.75,45.69,51,0,93,0,6,150,1.5
BEL25,Belleza,0.01,51.86,47.15,40.08,29,0,15,8,68,120,1.2
BEL26,Belleza,0.011,52.62,47.84,40.66,10,11,0,72,59,152,1.672
BEL27,Belleza,0.008,52.27,47.52,40.39,0,47,0,98,69,214,1.712
BEL28,Belleza,0.006,62.33,56.66,48.16,88,37,0,12,78,215,1.29
BEL29,Belleza,0.013,62.44,56.76,48.25,81,85,89,0,35,290,3.77
BEL30,Belleza,0.012,59.76,54.33,46.18,44,0,72,61,0,177,2.124
BEL31,Belleza,0.01,47.9,43.55,37.02,6,0,15,36,46,103,1.03
BEL32,Belleza,0.011,60.34,54.85,46.62,0,0,79,0,97,176,1.936
BEL33,Belleza,0.012,55.02,50.02,42.52,98,0,1,49,8,156,1.872
BEL34,Belleza,0.012,67.13,61.03,51.88,51,0,10,78,0,139,1.668
BEL35,Belleza,0.013,56.32,51.2,43.52,67,60,0,39,82,248,3.224
BEL36,Belleza,0.01,57.64,52.4,44.54,22,0,13,94,3,132,1.32
BEL37,Belleza,0.01,51.39,46.72,39.71,61,2,69,21,27,180,1.8
BEL38,Belleza,0.013,51.95,47.23,40.15,21,11,10,33,73,148,1.924
BEL39,Belleza,0.006,57.15,51.95,44.16,53,0,0,91,61,205,1.23
BEL40,Belleza,0.012,65.22,59.29,50.4,0,46,30,36,9,121,1.452
BEL41,Belleza,0.011,54.37,49.43,42.02,24,0,0,60,35,119,1.309
BEL42,Belleza,0.01,46.04,41.85,35.57,64,0,0,23,0,87,0.87
BEL43,Belleza,0.007,59.03,53.66,45.61,51,75,17,0,0,143,1.001
BEL44,Belleza,0.011,55.32,50.29,42.75,59,0,32,0,39,130,1.43
BEL45,Belleza,0.014,43.43,39.48,33.56,93,54,0,24,0,171,2.394
BEL46,Belleza,0.007,41.4,37.64,31.99,41,9,0,30,76,156,1.092
BEL47,Belleza,0.013,48.2,43.82,37.25,91,88,0,0,64,243,3.159
BEL48,Belleza,0.012,56.28,51.16,43.49,33,0,0,23,47,103,1.236
BEL49,Belleza,0.011,63.93,58.12,49.4,0,38,0,17,65,120,1.32
BEL50,Belleza,0.006,54.92,49.93,42.44,5,21,80,55,84,245,1.47
BEL51,Belleza,0.009,56.88,51.71,43.95,0,85,5,3,31,124,1.116
BEL52,Belleza,0.009,60.17,54.7,46.5,14,0,18,13,88,133,1.197
BEL53,Belleza,0.013,55.18,50.16,42.64,99,24,0,0,20,143,1.859
BEL54,Belleza,0.012,50.75,46.14,39.22,42,61,92,84,31,310,3.72
BEL55,Belleza,0.013,56.84,51.67,43.92,37,0,0,33,0,70,0.91
BEL56,Belleza,0.009,55.47,50.43,42.87,35,96,27,0,36,194,1.746
BEL57,Belleza,0.009,44.99,40.9,34.76,87,0,46,16,0,149,1.341
BEL58,Belleza,0.008,47.98,43.62,37.08,56,93,0,74,0,223,1.784
BEL59,Belleza,0.01,50.79,46.17,39.24,91,67,52,75,50,335,3.35
BEL60,Belleza,0.012,55.18,50.16,42.64,0,33,0,42,27,102,1.224
BEL61,Belleza,0.007,54.78,49.8,42.33,93,12,18,60,44,227,1.589
BEL62,Belleza,0.007,50.96,46.33,39.38,0,96,0,11,0,107,0.749
BEL63,Belleza,0.009,58.8,53.45,45.43,0,0,25,0,0,25,0.225
BEL64,Belleza,0.011,58.23,52.94,45.0,88,80,55,0,69,292,3.212
BEL65,Belleza,0.011,57.16,51.96,44.17,30,0,78,62,98,268,2.948
BEL66,Belleza,0.009,52.56,47.78,40.61,0,71,0,0,100,171,1.539
BEL67,Belleza,0.009,60.69,55.17,46.89,37,86,90,0,0,213,1.917
BEL68,Belleza,0.008,59.39,53.99,45.89,85,23,44,0,73,225,1.8
BEL69,Belleza,0.01,50.22,45.65,38.8,38,29,0,21,5,93,0.93
BEL70,Belleza,0.011,69.04,62.76,53.35,0,66,60,10,0,136,1.496
BEL71,Belleza,0.008,50.79,46.17,39.24,0,40,0,9,57,106,0.848
BEL72,Belleza,0.012,43.67,39.7,33.75,18,38,0,0,84,140,1.68
BEL73,Belleza,0.009,56.2,51.09,43.43,89,0,11,39,84,223,2.007
BEL74,Belleza,0.009,56.4,51.27,43.58,16,25,0,0,71,112,1.008
BEL75,Belleza,0.009,44.85,40.77,34.65,13,80,65,0,0,158,1.422
BEL76,Belleza,0.01,56.45,51.32,43.62,41,34,43,10,73,201,2.01
BEL77,Belleza,0.01,49.36,44.87,38.14,0,34,91,2,82,209,2.09
BEL78,Belleza,0.012,50.74,46.13,39.21,0,0,62,0,11,73,0.876
BEL79,Belleza,0.01,64.81,58.92,50.08,0,16,27,35,75,153,1.53
BEL80,Belleza,0.009,57.44,52.22,44.39,57,37,58,17,0,169,1.521
BEL81,Belleza,0.014,56.69,51.54,43.81,49,6,87,42,0,184,2.576
BEL82,Belleza,0.009,63.7,57.91,49.22,71,28,85,0,16,200,1.8
BEL83,Belleza,0.011,59.51,54.1,45.98,0,81,3,0,0,84,0.924
BEL84,Belleza,0.009,46.6,42.36,36.01,3,0,0,39,21,63,0.567
BEL85,Belleza,0.008,61.89,56.26,47.82,85,66,5,64,0,220,1.76
BEL86,Belleza,0.008,53.01,48.19,40.96,73,0,0,0,80,153,1.224
BEL87,Belleza,0.011,47.65,43.32,36.82,37,33,51,0,81,202,2.222
BEL88,Belleza,0.008,61.13,55.57,47.23,0,11,8,35,0,54,0.432
BEL89,Belleza,0.011,51.47,46.79,39.77,54,72,38,63,52,279,3.069
BEL90,Belleza,0.009,61.16,55.6,47.26,0,39,64,12,1,116,1.044
BEL91,Belleza,0.01,62.27,56.61,48.12,90,36,52,87,0,265,2.65
BEL92,Belleza,0.008,59.2,53.82,45.75,75,80,17,0,20,192,1.536
BEL93,Belleza,0.008,50.83,46.21,39.28,68,0,76,19,43,206,1.648
BEL94,Belleza,0.009,53.57,48.7,41.4,0,95,73,23,0,191,1.719
BEL95,Belleza,0.011,53.93,49.03,41.68,0,38,92,0,0,130,1.43
BEL96,Belleza,0.008,55.97,50.88,43.25,81,26,100,55,0,262,2.096
BEL97,Belleza,0.007,57.62,52.38,44.52,1,0,0,22,77,100,0.7
BEL98,Belleza,0.008,49.47,44.97,38.22,0,0,0,71,87,158,1.264
BEL99,Belleza,0.012,53.09,48.26,41.02,0,82,49,0,19,150,1.8
BEL100,Belleza,0.008,60.5,55.0,46.75,22,99,0,8,26,155,1.24
LIM1,Limpieza,0.05,13.2,12.0,10.2,62,83,92,73,79,389,19.45
LIM2,Limpieza,0.052,18.6,16.91,14.37,1,15,3,24,0,43,2.236
LIM3,Limpieza,0.051,16.42,14.93,12.69,0,33,0,0,0,33,1.683
LIM4,Limpieza,0.037,12.5,11.36,9.66,72,63,19,5,3,162,5.994
LIM5,Limpieza,0.049,14.7,13.36,11.36,0,91,80,59,27,257,12.593
LIM6,Limpieza,0.05,17.24,15.67,13.32,96,0,74,0,0,170,8.5
LIM7,Limpieza,0.067,15.0,13.64,11.59,91,0,31,89,87,298,19.966
LIM8,Limpieza,0.04,15.84,14.4,12.24,46,0,96,88,0,230,9.2
LIM9,Limpieza,0.028,14.3,13.0,11.05,43,0,0,91,87,221,6.188
LIM10,Limpieza,0.035,18.3,16.64,14.14,0,88,48,0,88,224,7.84
LIM11,Limpieza,0.053,13.38,12.16,10.34,14,0,40,94,30,178,9.434
LIM12,Limpieza,0.043,16.84,15.31,13.01,6,80,20,0,0,106,4.558
LIM13,Limpieza,0.059,15.24,13.85,11.77,67,0,4,24,92,187,11.033
LIM14,Limpieza,0.046,14.88,13.53,11.5,30,23,86,91,12,242,11.132
LIM15,Limpieza,0.05,18.1,16.45,13.98,73,0,3,18,0,94,4.7
LIM16,Limpieza,0.058,14.33,13.03,11.08,0,0,72,79,27,178,10.324
LIM17,Limpieza,0.049,17.06,15.51,13.18,0,0,0,0,12,12,0.588
LIM18,Limpieza,0.058,16.85,15.32,13.02,16,91,0,0,38,145,8.41
LIM19,Limpieza,0.051,15.77,14.34,12.19,15,50,57,49,3,174,8.874
LIM20,Limpieza,0.041,16.25,14.77,12.55,0,93,26,3,67,189,7.749
LIM21,Limpieza,0.05,13.26,12.05,10.24,74,82,54,0,39,249,12.45
LIM22,Limpieza,0.054,15.62,14.2,12.07,0,84,0,65,25,174,9.396
LIM23,Limpieza,0.05,16.2,14.73,12.52,75,9,35,54,58,231,11.55
LIM24,Limpieza,0.056,16.57,15.06,12.8,15,94,49,0,0,158,8.848
LIM25,Limpieza,0.06,15.82,14.38,12.22,52,25,0,44,0,121,7.26
LIM26,Limpieza,0.028,18.49,16.81,14.29,20,65,76,68,0,229,6.412
LIM27,Limpieza,0.036,16.78,15.25,12.96,91,77,78,1,19,266,9.576
LIM28,Limpieza,0.049,14.49,13.17,11.19,0,93,0,0,0,93,4.557
LIM29,Limpieza,0.057,16.72,15.2,12.92,53,88,7,46,0,194,11.058
LIM30,Limpieza,0.046,17.23,15.66,13.31,67,8,11,34,0,120,5.52
LIM31,Limpieza,0.043,15.27,13.88,11.8,0,73,0,0,30,103,4.429
LIM32,Limpieza,0.055,15.87,14.43,12.27,0,9,64,36,74,183,10.065
LIM33,Limpieza,0.075,16.24,14.76,12.55,0,98,12,0,53,163,12.225
LIM34,Limpieza,0.034,17.57,15.97,13.57,41,21,77,0,22,161,5.474
LIM35,Limpieza,0.055,19.86,18.05,15.34,70,14,50,0,91,225,12.375
LIM36,Limpieza,0.043,18.9,17.18,14.6,0,0,27,83,33,143,6.149
LIM37,Limpieza,0.058,16.46,14.96,12.72,28,0,72,0,86,186,10.788
LIM38,Limpieza,0.052,19.83,18.03,15.33,69,0,43,0,29,141,7.332
LIM39,Limpieza,0.046,15.93,14.48,12.31,10,19,47,0,30,106,4.876
LIM40,Limpieza,0.037,17.0,15.45,13.13,49,37,63,6,67,222,8.214
LIM41,Limpieza,0.023,15.43,14.03,11.93,50,0,51,46,2,149,3.427
LIM42,Limpieza,0.055,16.87,15.34,13.04,0,9,42,77,0,128,7.04
LIM43,Limpieza,0.047,17.17,15.61,13.27,0,0,95,45,0,140,6.58
LIM44,Limpieza,0.047,17.3,15.73,13.37,17,61,89,16,0,183,8.601
LIM45,Limpieza,0.05,17.99,16.35,13.9,73,0,57,39,87,256,12.8
LIM46,Limpieza,0.04,16.65,15.14,12.87,83,16,26,0,0,125,5.0
LIM47,Limpieza,0.048,17.15,15.59,13.25,0,23,54,0,27,104,4.992
LIM48,Limpieza,0.054,17.51,15.92,13.53,47,53,0,93,0,193,10.422
LIM49,Limpieza,0.059,15.28,13.89,11.81,91,60,65,0,21,237,13.983
LIM50,Limpieza,0.056,18.7,17.0,14.45,0,95,85,0,75,255,14.28
LIM51,Limpieza,0.064,11.82,10.75,9.14,3,41,62,16,48,170,10.88
LIM52,Limpieza,0.06,18.27,16.61,14.12,0,80,23,0,0,103,6.18
LIM53,Limpieza,0.05,18.17,16.52,14.04,12,65,0,26,99,202,10.1
LIM54,Limpieza,0.057,15.33,13.94,11.85,29,0,16,69,68,182,10.374
LIM55,Limpieza,0.063,13.64,12.4,10.54,29,44,38,27,30,168,10.584
LIM56,Limpieza,0.045,17.25,15.68,13.33,35,0,67,91,93,286,12.87
LIM57,Limpieza,0.047,14.93,13.57,11.53,32,0,91,0,0,123,5.781
LIM58,Limpieza,0.036,13.67,12.43,10.57,71,23,0,0,30,124,4.464
LIM59,Limpieza,0.04,17.05,15.5,13.18,38,60,92,88,93,371,14.84
LIM60,Limpieza,0.046,15.6,14.18,12.05,1,86,97,80,0,264,12.144
LIM61,Limpieza,0.056,16.32,14.84,12.61,0,21,0,35,6,62,3.472
LIM62,Limpieza,0.044,20.38,18.53,15.75,82,52,20,75,87,316,13.904
LIM63,Limpieza,0.04,16.64,15.13,12.86,0,0,53,81,0,134,5.36
LIM64,Limpieza,0.053,17.09,15.54,13.21,88,0,87,3,37,215,11.395
LIM65,Limpieza,0.067,15.78,14.35,12.2,0,0,53,0,73,126,8.442
LIM66,Limpieza,0.026,15.97,14.52,12.34,8,3,95,49,0,155,4.03
LIM67,Limpieza,0.048,18.18,16.53,14.05,1,0,66,44,39,150,7.2
LIM68,Limpieza,0.055,14.44,13.13,11.16,30,35,0,93,78,236,12.98
LIM69,Limpieza,0.052,15.86,14.42,12.26,0,28,0,97,0,125,6.5
LIM70,Limpieza,0.048,12.76,11.6,9.86,49,0,19,0,84,152,7.296
LIM71,Limpieza,0.059,15.64,14.22,12.09,70,0,96,33,1,200,11.8
LIM72,Limpieza,0.048,15.53,14.12,12.0,99,0,51,21,93,264,12.672
LIM73,Limpieza,0.034,16.84,15.31,13.01,27,58,0,0,0,85,2.89
LIM74,Limpieza,0.056,15.2,13.82,11.75,40,0,81,92,32,245,13.72
LIM75,Limpieza,0.043,14.47,13.15,11.18,0,0,51,34,93,178,7.654
LIM76,Limpieza,0.041,19.14,17.4,14.79,28,31,0,23,25,107,4.387
LIM77,Limpieza,0.051,17.0,15.45,13.13,5,0,29,35,0,69,3.519
LIM78,Limpieza,0.057,17.13,15.57,13.23,22,35,79,26,11,173,9.861
LIM79,Limpieza,0.048,20.96,19.05,16.19,0,86,54,48,0,188,9.024
LIM80,Limpieza,0.053,14.94,13.58,11.54,0,33,15,42,0,90,4.77
LIM81,Limpieza,0.047,14.44,13.13,11.16,99,38,56,4,0,197,9.259
LIM82,Limpieza,0.041,19.57,17.79,15.12,0,73,34,0,0,107,4.387
LIM83,Limpieza,0.058,14.68,13.35,11.35,0,56,39,15,10,120,6.96
LIM84,Limpieza,0.039,17.59,15.99,13.59,96,0,43,18,21,178,6.942
LIM85,Limpieza,0.045,17.69,16.08,13.67,27,35,1,0,0,63,2.835
LIM86,Limpieza,0.056,15.03,13.66,11.61,56,13,17,25,10,121,6.776
LIM87,Limpieza,0.044,16.01,14.55,12.37,52,53,0,23,0,128,5.632
LIM88,Limpieza,0.052,16.24,14.76,12.55,0,0,0,49,0,49,2.548
LIM89,Limpieza,0.041,17.09,15.54,13.21,6,59,37,0,51,153,6.273
LIM90,Limpieza,0.04,16.65,15.14,12.87,20,0,44,82,100,246,9.84
LIM91,Limpieza,0.067,14.06,12.78,10.86,0,0,26,10,88,124,8.308
LIM92,Limpieza,0.036,14.2,12.91,10.97,12,77,51,45,5,190,6.84
LIM93,Limpieza,0.061,16.57,15.06,12.8,15,29,53,0,82,179,10.919
LIM94,Limpieza,0.043,13.22,12.02,10.22,0,20,29,15,55,119,5.117
LIM95,Limpieza,0.049,17.34,15.76,13.4,43,73,0,14,6,136,6.664
LIM96,Limpieza,0.052,18.29,16.63,14.14,0,0,79,0,53,132,6.864
LIM97,Limpieza,0.052,18.57,16.88,14.35,0,0,37,93,17,147,7.644
LIM98,Limpieza,0.034,18.14,16.49,14.02,91,77,100,0,0,268,9.112
LIM99,Limpieza,0.054,18.45,16.77,14.25,0,0,70,0,10,80,4.32
LIM100,Limpieza,0.053,21.27,19.34,16.44,62,8,45,41,36,192,10.176
